"4.649632594939128","0.05750174584724743","-15.353850821238677","65.11311107682215"
"8.42522011758356","0.0505","-21.075650478838146","79.26891701474854"
"9.443621021763438","0.0505","-21.47785940098948","83.70949309614957"
"15.902485519454238","0.0505","-22.05304153950025","116.81749485759082"
"9.31217249507244","0.0505","-21.437742960867432","83.14045665951332"
"13.145636851165204","0.050144019714094205","-21.97326572220908","101.53127874395439"
"15.801601512859227","0.0505","-22.047525829640914","116.22557023739148"
"11.576033787995922","0.0505","-21.861714805545112","93.24075107748513"
"13.859949917984919","0.05028173351332999","-21.994930269060195","105.3619930391415"
"16.164698497839932","0.05027216047685887","-22.071355497423852","118.34714164048344"
"13.40556938423816","0.0505","-21.98028407693718","102.96397521207714"
"14.252726236552094","0.0505","-22.002020756825928","107.50886912933197"
"12.12044057494954","0.05053902518367747","-21.910510310388798","95.98723873609461"
"5.5378036058730835","0.051448662575903935","-17.63130432608711","68.13427395233157"
"5.609161078060105","0.051641424775536966","-17.780909948781506","68.39640517192711"
"8.092913129517381","0.0505","-20.886731304196587","77.86707493057173"
"13.704172356947744","0.05053914545193908","-21.989045061518446","104.54974693555651"
"9.276550892838507","0.050463059159840146","-21.426641436247753","82.98449600172933"
"6.34355125974383","0.05408086514915805","-19.081937009172265","71.15990318469537"
"17.193050284654067","0.0505","-22.180634486399093","125.21684284843376"
"16.546009255159436","0.05023243463384275","-22.10359564033451","120.64922126322696"
"5.434337892665154","0.05251103072873164","-17.40005554522602","67.77786924078633"
"10.686498683502874","0.05046480907537712","-21.747912767139354","89.22952296183267"
"5.741862921414566","0.0536664864558841","-18.03909862036655","68.91440022737329"
"11.747534584071275","0.05046801984992773","-21.87890895664574","94.07644495948817"
"14.793405518642484","0.05048871772728683","-22.013182835674304","110.55236766472275"
"10.856696814148988","0.050493080121505274","-21.77337151429714","89.99460054354019"
"14.73018042049076","0.0505","-22.011726928413836","110.19424124540842"
"7.786536193226723","0.05282026866826697","-20.663295705509817","76.65401465121049"
"15.200643970242167","0.0504047526525145","-22.02415138005329","112.82652797552356"
"13.96473026115806","0.05042041581465452","-21.996403947699918","105.92680902724953"
"11.262765604200744","0.05053090204605472","-21.826639645845336","91.78311257861658"
"13.542471295466","0.05029416622962549","-21.986191344017477","103.68688501609086"
"9.65314678523353","0.05079810065639741","-21.533990933357902","84.62353957290688"
"11.807874984061524","0.05106545452914775","-21.879977717272187","94.39695019518427"
"15.586133141291418","0.050404123910957596","-22.03796433449732","114.97359519792357"
"8.235490274320656","0.0505","-20.97207654534378","78.46663601326202"
"8.63715385329862","0.051123826243019505","-21.17461248109405","80.19119981974744"
"12.595360302823831","0.050628014402875225","-21.94231336329279","98.53663025719925"
"4.637725686834777","0.051338770773853785","-15.343385096702118","64.98280681215212"
"14.082198789831434","0.05046586200215755","-21.9986926252879","106.56693959199777"
"7.445533622293622","0.050485534853737114","-20.403645449628005","75.26791389621968"
"14.932681222079138","0.0505","-22.01632018024344","111.34157296694622"
"18.25603670277223","0.05012040004810293","-22.388482066667805","132.49880561305727"
"13.110375684027257","0.05053008078637697","-21.9689318720133","101.35284321338627"
"9.062576629587593","0.0505","-21.353165055638232","82.04238276545755"
"7.146008986422908","0.0504150788506972","-20.117801310207735","74.13628295019572"
"6.622119427153003","0.05236079241128845","-19.488696376293763","72.18747098993835"
"17.21353567686935","0.05046255212304676","-22.183897690722223","125.36249804131702"
"5.251484770408483","0.0535863177320077","-16.973021953381654","67.13855024899533"
"14.676780803153857","0.050398241222801926","-22.011306107643506","109.88680131818896"
"10.405745316659234","0.0505","-21.700465138282073","87.95564203420335"
"15.663283619639802","0.050402842408803654","-22.04138726030134","115.41670744543757"
"7.225341493355261","0.0505","-20.19744667243968","74.43708641397586"
"13.733482101213003","0.05015366733139442","-21.99264772981037","104.68832193034973"
"10.991237895305034","0.05054064219036206","-21.79189558739154","90.58636562825278"
"17.58473967762386","0.05022675446665386","-22.246619072999167","128.00200978181203"
"17.907356434884232","0.050215144506021","-22.309734200965302","130.16845141631234"
"5.247003546319874","0.05419431670076879","-16.959452130518088","67.13250871133226"
"11.873997735387356","0.051063190974627526","-21.88597083045381","94.72963742932883"
"15.357237797704299","0.05052084435931757","-22.028393254785065","113.69613815375207"
"7.336179119247489","0.0536143737918224","-20.283844935722094","74.92233834603171"
"7.126132801958471","0.05117630395631294","-20.092334004671446","74.07726862699198"
"16.574491316545153","0.05065431073273209","-22.10378276958582","120.85586043780175"
"5.757061561901185","0.05499254139720353","-18.061986985836853","68.99347272027157"
"14.955001546788154","0.050143313837918674","-22.019318644418142","111.45080124473446"
"7.639311703906068","0.05067996462752322","-20.565016806836656","76.01769981877698"
"17.27366637868184","0.0504539510326845","-22.193086684355467","125.79587467158592"
"16.766284385287097","0.050524026080194594","-22.124921970428545","122.15100153775786"
"19.20343755379361","0.0505","-22.646260219000084","139.69755820356247"
"4.9258107265629185","0.05515792630760346","-16.14056772206127","66.02115120290044"
"7.084744229187853","0.05166521690537536","-20.04566835743649","73.93072120449173"
"19.577672602622684","0.050580944679630334","-22.76292548237797","142.79878221808644"
"14.40144910762243","0.05019668879871467","-22.00716454762419","108.32491858690611"
"16.19026354968519","0.05020481938569619","-22.073635516874063","118.49335046681527"
"12.22135923621735","0.050647888924294636","-21.917341517107758","96.5246685411152"
"15.419050552540343","0.0505","-22.03072584881674","114.03814758602127"
"10.533820692545282","0.050863163697641385","-21.720015846965023","88.54835435575711"
"16.965832084097457","0.05066661016779975","-22.148221784907225","123.58162460031494"
"9.573979967767585","0.05084109744342899","-21.51238932324783","84.28207090163804"
"17.88474157036457","0.05030320108472313","-22.304530172275896","130.02510092320182"
"14.090734485475997","0.05022265269836711","-22.000626918194172","106.60328743073796"
"6.037925869354639","0.05140162228549451","-18.599918756987947","69.96051660268606"
"7.519581899852108","0.0505","-20.467693729966822","75.55075483211282"
"19.444709289677533","0.05051092272067209","-22.72102836274315","141.6856522021309"
"18.630004511941504","0.05088728469813338","-22.479389280198053","135.22121495994958"
"5.3543309023341825","0.0509284819737163","-17.22669586523485","67.46305776136174"
"17.81469005494764","0.05105218002367742","-22.286018446445883","129.61189691632796"
"11.078629909637588","0.051054063009996105","-21.799616376251116","90.98539578951672"
"16.612927720163437","0.05042840494731207","-22.1090305370386","121.09499399514374"
"9.088942355724347","0.051493024030771314","-21.35538606052397","82.18514664010895"
"9.924071298071912","0.05091520966199411","-21.59959053476729","85.81209955359466"
"19.9538714691664","0.05061197318569752","-22.884844818659477","145.9438974814082"
"6.525216748452646","0.050944297296684794","-19.36487727449895","71.78991910261237"
"7.477983807286877","0.05082902536548212","-20.42979349014308","75.39904943072852"
"19.197238635371377","0.05089887086653154","-22.64234765914113","139.67808143011806"
"17.512980051647347","0.0509841017104062","-22.22949761733288","127.54461719596308"
"8.368669485917536","0.05097702677008644","-21.042547517462875","79.0406297056941"
"7.729590661397138","0.051242352183903446","-20.631440791781863","76.38797467520847"
"10.432651835725302","0.05065744883480762","-21.70407220745866","88.08245051324334"
"19.546185587255945","0.05098965956257278","-22.750824869569893","142.5691236584298"
"12.09550263005906","0.05077090906385345","-21.90678725692719","95.86439241292433"
"14.013759242111194","0.05048785115235646","-21.99702798815008","106.19468504182254"
"17.87081657858684","0.05075257685165376","-22.299149293454164","129.9631992390113"
"5.80322268209734","0.0505","-18.175174703089198","69.08171511305113"
"18.380857707818606","0.05091714208622128","-22.414683047759073","133.425988228446"
"18.671568800079513","0.050938283243505016","-22.49034333951913","135.53406156828282"
"19.199664541283994","0.05072295796914314","-22.643979709890207","139.68415817750338"
"5.076377158105469","0.051188339786876244","-16.552039837537073","66.48023737526621"
"5.656291174716115","0.05135689098219145","-17.87949560250855","68.5623929948416"
"10.128479752213067","0.05095613831861805","-21.64364249363194","86.72136300142462"
"8.991622168444664","0.05109646141228285","-21.322568179233887","81.74389493967377"
"17.434455417495396","0.05106260834686184","-22.215537675992373","126.9898830387173"
"17.65268901216639","0.050590242940934366","-22.25708745713199","128.4964119796262"
"15.489966918063205","0.05053329400578861","-22.03318076664996","114.43586054211515"
"11.308055329629148","0.0505","-21.832239665427423","91.98580646438744"
"7.594137019929294","0.05096321374380995","-20.52669073199787","75.84829726140605"
"9.319470564849698","0.050725784493028406","-21.438377597373645","83.17821517766257"
"5.304165812284601","0.050915877441235206","-17.11031485907337","67.28297295518365"
"8.141455778725316","0.051128417336040656","-20.91217335311215","78.08578696969312"
"17.37231150748889","0.050597702055706954","-22.207915751719792","126.51492723062799"
"8.872341681954712","0.05071268164199877","-21.27885392059128","81.20703384494507"
"6.178667941243105","0.051136552803223344","-18.838918316054112","70.48047500634387"
"5.697925294432959","0.05265798629688087","-17.957022075046208","68.73652514918327"
"18.035703317874564","0.05075840931202118","-22.334348199273514","131.05401823236318"
"10.507582125961225","0.050575098207578245","-21.717747944254903","88.42035128221148"
"9.608244981196666","0.05059251616651535","-21.52356429671933","84.4234057276135"
"12.106378186987563","0.05057298210255773","-21.909150839148936","95.91452022394634"
"16.734646208302525","0.050737000741429936","-22.12008122210631","121.94257262311186"
"11.695167085391983","0.05066423514485067","-21.872386267508816","93.8250975948609"
"17.098219664605793","0.05066149672183584","-22.16604805881223","124.54049088247041"
"18.749982682653144","0.050755135702684875","-22.51280828395699","136.1148629333335"
"19.264638721098304","0.05070571918140897","-22.663945002987486","140.2143681921082"
"13.998799129661425","0.05046488263439149","-21.996857736026307","106.11258078185298"
"10.749938932652674","0.05054591504661433","-21.757106674628723","89.5188552846927"
"9.58253685628879","0.05060707092775902","-21.51647737151058","84.31261255295907"
"6.554331476743725","0.05054732661555822","-19.407644676044818","71.89296095589452"
"19.155328050459993","0.0507242155114262","-22.630532298186388","139.32333228029032"
"15.778298320021397","0.05068049479375235","-22.045142895936888","116.09872351469174"
"7.74997788054206","0.05070189904546664","-20.650480633578642","76.45764492696382"
"18.12606739241458","0.0505","-22.3560531791041","131.6394356051303"
"6.814834316609475","0.050615453374228486","-19.744923047899103","72.88416735194036"
"19.269206794085836","0.0507030309850538","-22.665363915760228","140.25163882836173"
"12.262542641782918","0.0506335338399136","-21.920455017336394","96.7433392285851"
"8.323978321858432","0.05092880456689723","-21.018725560048704","78.85031257651936"
"8.60189661299945","0.051162809220168484","-21.157973215585262","80.04036350299297"
"17.531716933728475","0.05067377317507913","-22.234573730537555","127.65747701384163"
"9.822278757092109","0.05096878506806238","-21.575305536256693","85.36525021562812"
"6.866175254492775","0.05089902970207087","-19.80484534701656","73.08484680838177"
"18.18637934917639","0.05070202262790241","-22.36887899679004","132.06127409035966"
"18.69586818157663","0.050638322154784365","-22.49853375379458","135.6945568032317"
"15.148617901711525","0.05082631046490037","-22.019762215033523","112.56012498426503"
"5.295935890725189","0.05062852030460312","-17.092374310643642","67.24878077216323"
"6.417924782396781","0.050716947799816135","-19.212506838016942","71.37713213968351"
"11.569886460844431","0.050652070730743536","-21.859918314613072","93.21627770376006"
"12.3936048821566","0.05050995846651976","-21.930497199012137","97.4410154995744"
"6.984392728278179","0.05070811390885005","-19.94225329699414","73.52963310078158"
"8.256363686108958","0.05068435971226552","-20.982721043885924","78.5590149380208"
"7.747875692889608","0.05074890363525871","-20.64858356050916","76.45024842129754"
"16.46724636797056","0.0505","-22.09452907735274","120.17022536714448"
"5.297212210036493","0.050705930704523616","-17.09500357238808","67.25462356378043"
"10.064306459142035","0.050487145546231856","-21.633747147832473","86.42166748100831"
"12.083980284331341","0.050724857555753705","-21.906223681070454","95.80236329807424"
"11.277393690175865","0.050574604029380514","-21.828050540820378","91.8501251209541"
"6.478793015027059","0.0505","-19.301936518743677","71.604383400919"
"9.699673379775872","0.05071855313542729","-21.546683088849246","84.82316815197204"
"5.728312792752363","0.05058180145508777","-18.028446060375227","68.81034196204754"
"18.373971683632433","0.05066084887095","-22.41434086453899","133.35928352450583"
"8.411306467881442","0.05063074924560829","-21.067495694596754","79.21301910748542"
"17.061129881592873","0.05072756447351649","-22.16052545621606","124.27535197502662"
"18.981610822381697","0.05061463142617078","-22.579476512896203","137.91697768602626"
"7.492762533196912","0.05060866305729091","-20.444031453342106","75.4505719794357"
"17.453731524892774","0.05072461741463457","-22.220748853793094","127.10621322539109"
"10.653727067083336","0.050746201368184043","-21.74058324959456","89.0895883802545"
"19.959935347441064","0.0506497359407551","-22.88664553587754","145.99776226061988"
"6.712290082044282","0.05060713952695101","-19.617061809757487","72.49488756315274"
"12.871055443480913","0.05059857366706774","-21.957498489415354","100.0418558138902"
"7.736389916180842","0.05043937179629586","-20.64201609710657","76.39699169015175"
"5.054661817589048","0.05075843289657192","-16.498422342964652","66.39769738198845"
"13.42968532396701","0.0505","-21.981090696987494","103.09417773369059"
"9.40297408894532","0.050731240027954046","-21.464044387745766","83.54008160028769"
"18.63480990819508","0.05061216302549012","-22.482127641590246","135.23670123842842"
"19.571383319837327","0.050721851678279334","-22.76021108037897","142.75772719796456"
"5.49247026346873","0.05057224163924275","-17.53777332635812","67.95509767635775"
"6.821948556387228","0.05066045497831111","-19.7532851708061","72.91208645158065"
"11.439660378055331","0.050549519258443976","-21.846809130395084","92.59418067343412"
"10.799240593846486","0.050609277191713146","-21.76404766887416","89.74256571516585"
"15.5606199271854","0.05057483755166955","-22.03575671751546","114.83670036549447"
"8.916089939652661","0.0506775061479025","-21.296528648712325","81.3991192005184"
"5.902496070414295","0.05066885372530124","-18.361252448281583","69.44792700365264"
"17.47423433834209","0.05075994561851641","-22.22405306081934","127.25473159781149"
"6.7129181592604255","0.050711876473108625","-19.617226686899617","72.49939318137409"
"16.94498672264971","0.05063763456575311","-22.145723128995055","123.42956353472213"
"18.395638651767204","0.0506563100961261","-22.41977368055152","133.51186472230359"
"8.17142259983434","0.050605333501167984","-20.933824214560865","78.19938042817775"
"10.828420540494918","0.0505","-21.769194918342087","89.86955413103759"
"6.704895666670801","0.05062082068832988","-19.607507441723207","72.46709936788086"
"5.993326810844994","0.050672559333066886","-18.52556644498806","69.78216484318344"
"18.00205435574053","0.050727535439902265","-22.327138529649094","130.82876536163448"
"6.89615234889073","0.0505","-19.842626582751834","73.19036983632594"
"8.483245413388662","0.05063861181711688","-21.10421321401046","79.51932315507894"
"18.076009869846516","0.050759576157540086","-22.34330886585951","131.3223113486368"
"19.33251903379794","0.0507608709436588","-22.684649979579735","140.7770773634969"
"6.031436026975763","0.05131362252668774","-18.589096627510045","69.93485335029885"
"6.686110921129803","0.05062938032586136","-19.583243451441156","72.39596421449511"
"9.856795836373033","0.05066171130122269","-21.585851355358948","85.50824575033084"
"10.291016797659418","0.050652240324431455","-21.678107275473064","87.44125674023805"
"19.092083387498302","0.0505","-22.612686688421284","138.79396660878095"
"7.9806712543708285","0.05055711201972547","-20.81425933135081","77.39993222695024"
"8.574070365964113","0.05059690049313349","-21.148875636254914","79.90673545459615"
"19.733867114846436","0.0505","-22.813653257670023","144.09826310022117"
"17.17489420582632","0.050969649218733405","-22.17520505024413","125.11447297448021"
"17.642348202547108","0.05064739798714969","-22.25483010951387","128.42937830723884"
"6.599168516914377","0.05076712875429452","-19.467480472575467","72.06813448572292"
"7.106643983834177","0.05060574424700581","-20.07557300709787","73.99129023263015"
"14.585622793710327","0.05053930413817551","-22.008435852584604","109.37698455126619"
"15.475782563397585","0.0505","-22.03285281742242","114.35472267741248"
"9.708702742323343","0.05065013491399242","-21.549508646953456","84.86048084486269"
"11.710724518755645","0.05061770853678986","-21.87424799603522","93.89994337584403"
"12.568914099493277","0.050640019653470265","-21.940644052039975","98.39338520264906"
"10.997625564760485","0.0505","-21.793073435366992","90.61302140326185"
"18.98426932850613","0.050633299464050006","-22.580157140948046","137.93957327266455"
"10.619017073361313","0.0505","-21.736877471061153","88.9244760527172"
"18.01501703713836","0.050574104319016884","-22.330813902951483","130.90423522277402"
"7.9338637386136135","0.0507325818842543","-20.781659537586627","77.21000006402423"
"7.21935715366779","0.05067625676204208","-20.190373814215683","74.41836272991486"
"11.093779273050494","0.05053308764681377","-21.805568200779618","91.03520519624604"
"7.111365726871264","0.0505","-20.081209650157074","74.0069363471943"
"8.334041447509193","0.05130332602940074","-21.0215798202995","78.90196575163807"
"6.030014798153721","0.051009013450459134","-18.588295730930227","69.92395333326498"
"10.359895551101737","0.050605716933237885","-21.691331597623982","87.75103387418335"
"6.960377052326001","0.05101354941552927","-19.913306967331824","73.44484682872188"
"11.893819267829969","0.0505","-21.89201842768118","94.8109464824081"
"10.337766154698238","0.0507515420612222","-21.686137291567086","87.65524630353045"
"16.65902069743861","0.05069904345982647","-22.112140106340746","121.42036739039091"
"17.23954252399371","0.051004803388989606","-22.184640903755273","125.58379565568364"
"17.94553137164149","0.0505","-22.316219941921982","130.43960026472658"
"19.287923529258318","0.0505","-22.67215833315311","140.3893698883888"
"18.779822854666715","0.0505","-22.522433221291525","136.32529190473664"
"7.815037169891747","0.05120012713740221","-20.695087820921632","76.73276261143425"
"8.815774312025656","0.05070806572508426","-21.25572525011163","80.95801966708835"
"19.5242014083928","0.0505","-22.746265518160943","142.3460886621332"
"9.776204204656317","0.05083148563963506","-21.56510363623651","85.15956341573653"
"6.511540627774712","0.0510188962341674","-19.34526722918644","71.73929708216507"
"5.690103989193763","0.05099946397424207","-17.94990621334103","68.67886708131263"
"5.317471799165252","0.051291555306811655","-17.139612012834817","67.33684771497155"
"18.646273186427727","0.050669084728868656","-22.484913806006578","135.32585102805652"
"5.226179019711756","0.05082051048878041","-16.925313014606285","67.00311476425011"
"12.710016610208687","0.05075832987375755","-21.947880755458446","99.16630136355258"
"7.560037264358598","0.05095122474253465","-20.49868615419716","75.71626143354308"
"10.772541314233672","0.05073176605672702","-21.759114354139104","89.62645025612599"
"8.059172785848443","0.0505","-20.865530644838135","77.72582145854643"
"7.504253332799218","0.05084135969806799","-20.45235871251653","75.49965823507853"
"5.156497158583218","0.05093971206438432","-16.754439629566942","66.75799251581621"
"6.235991531293556","0.05097901843768859","-18.932413689104536","70.69320241099705"
"8.72651008980289","0.05082498695319494","-21.21681204440149","80.57050219306365"
"8.081190959579722","0.050839460042806095","-20.8770565942206","77.82599046996455"
"10.220343094228832","0.0505","-21.665591230364576","87.11911365482618"
"9.736231376101893","0.050489862846164905","-21.557695618204626","84.97570402689351"
"16.288655845969043","0.050598943950744185","-22.078659234713676","119.09528368773243"
"12.156429761903912","0.05051796142204017","-21.913450402612934","96.1761595950504"
"16.861019097778254","0.050806294892999565","-22.134295848775658","122.83746539369153"
"18.533700298545433","0.050626035816725666","-22.45526174001824","134.4975087432418"
"16.537722802058898","0.05063179785920546","-22.100328976067285","120.61910141171023"
"12.731009990695169","0.05081006697925406","-21.948639746356143","99.28293827486337"
"13.691322300880223","0.05056841513421266","-21.988480362105026","104.48324205328505"
"15.398527407407208","0.05056753049907866","-22.02953126149001","113.92738903479149"
"18.068968442314386","0.050778196863091506","-22.341630325017462","131.27664443419283"
"7.8293190475186805","0.05066375969256839","-20.709045595000713","76.77868548908339"
"11.344708278587294","0.05094046301533161","-21.83312956872846","92.16668513017657"
"15.827890190722442","0.0505","-22.048914774411433","116.37943743989459"
"12.054645254376736","0.050832002570312854","-21.90305511772251","95.65268348620758"
"11.49773215883567","0.050508349835623884","-21.85342687278","92.86686284652436"
"5.976466014769651","0.050875582797002494","-18.49443086477745","69.72371230787549"
"13.340698554676532","0.05051793944873955","-21.977908529845433","102.6126327754387"
"9.375270909207373","0.05050868477927299","-21.457292493824315","83.41420659058761"
"17.541406178827856","0.05051315302087408","-22.237208895040744","127.71565337732697"
"18.13908942851497","0.05079079890883033","-22.357448606328763","131.74704424220764"
"10.938966609116742","0.05095998786672498","-21.781496683892644","90.37082542748831"
"11.88023984525471","0.05087894332906902","-21.887930084827104","94.75495369421074"
"17.02221358959617","0.05047222993372115","-22.156781816004667","123.97776952346166"
"19.235986881805495","0.0505","-22.656196261499293","139.963497416157"
"19.387318990236082","0.0505","-22.703053144388285","141.20906796556923"
"16.155883107850585","0.050628654115997276","-22.068458971201018","118.31473220737684"
"10.546147930360958","0.05052722759865245","-21.724647252363305","88.59419319381234"
"12.817064660425341","0.05082107702114594","-21.953104826001084","99.754307347245"
"19.59086717896547","0.050623179659466624","-22.766940047414362","142.9124411154795"
"12.36450061029117","0.05083192949893284","-21.92609376182906","97.29618252388465"
"17.223346264711484","0.05062525667428634","-22.184415317938186","125.4433770429601"
"18.141914277248013","0.05051583605056155","-22.35959555943501","131.74711343790793"
"8.373732809234545","0.05066125805815746","-21.047477991502937","79.05438388462844"
"15.318512831693678","0.050597100753610146","-22.026568305725696","113.48569413499845"
"18.85747087152083","0.0505","-22.54429693175353","136.9282969101594"
"15.869447383102143","0.05049581889788459","-22.05120654952179","116.62302064971882"
"10.300280741304157","0.050491469847540715","-21.681082715431998","87.47823962379397"
"19.1459709209543","0.05059751249379565","-22.628354283735096","139.23754312002546"
"7.553579798109264","0.05088421715482571","-20.493755956969053","75.68989037449258"
"6.400100692026588","0.0505","-19.187489644436674","71.30518811818521"
"17.396962680578977","0.050601243576781404","-22.21194113786742","126.6920818342081"
"5.001453871218894","0.0505","-16.3615776506715","66.20930798997973"
"11.911576258984315","0.0505","-21.8935725854654","94.90153366006273"
"7.92799342612158","0.05064510544200956","-20.778265437421975","77.18369575336769"
"11.216361500900836","0.05060241000862245","-21.82047701770365","91.5784422817795"
"10.245365872178393","0.0505","-21.670486005479713","87.23142322382532"
"8.755020102195262","0.05062595662121026","-21.230613039587688","80.68975937633165"
"17.56717817928252","0.05059726643736637","-22.24133824640877","127.90268499897752"
"18.68614852662344","0.05057917827805315","-22.496192228389802","135.61701431475362"
"12.459034362144239","0.050850173362803244","-21.932213442511728","97.80603379198088"
"15.71885231799715","0.05059726560137953","-22.042728561489323","115.74833112786465"
"9.43472271340452","0.05077734360306552","-21.473175177407125","83.67858779577477"
"19.245466048910238","0.050512434803086904","-22.659036841449772","140.04206262655183"
"4.3228","0.05052710419778066","-14.364663869721754","63.89654176022348"
"14.65606917922579","0.0505035902836321","-22.010136685814405","109.77420301469125"
"10.078913370306847","0.05067032268860691","-21.635461598466712","86.49200361103152"
"16.704915494378348","0.05051317001531953","-22.118182171286676","121.72377346007991"
"9.462457683584706","0.05062363658351503","-21.4824597726734","83.79424039037785"
"15.87860243594987","0.05050938777702086","-22.051628971026126","116.67752122721424"
"15.327299556893774","0.0505","-22.027515750088856","113.52950936951103"
"18.210704474636035","0.05059908327561886","-22.375140381305744","132.22037466401565"
"8.937011574686865","0.050623305164863935","-21.305104779672803","81.49012819170032"
"19.266578234751897","0.05059806382548054","-22.66508632811625","140.2218244559726"
"12.190327632272908","0.05064007560535575","-21.915090924128627","96.35976190481449"
"19.97796302681952","0.05052774632735327","-22.89315093442348","146.1379944643032"
"11.716198767841398","0.05066343154090027","-21.874426151868768","93.92842974864894"
"19.01079006898499","0.050514232890766696","-22.58853924076751","138.14215063783"
"18.08080676097924","0.05050810795862228","-22.345761714562894","131.33709306538424"
"15.529247192119104","0.050464261174284486","-22.035201284245723","114.65339756051804"
"8.853158009843948","0.05055394109104845","-21.272231364908894","81.1184650091228"
"16.24775436320453","0.05074781889552886","-22.074517871335516","118.86117638573789"
"8.675463088495935","0.05092969582947884","-21.19342161123059","80.35176207193228"
"7.937652343527544","0.05054646390566761","-20.78550789243891","77.22133804039429"
"18.55288130009453","0.0505114963686121","-22.46089135328785","134.62845398011433"
"17.92683725332375","0.0505762270838411","-22.311832903617688","130.3212867782367"
"16.75837884229713","0.05071420480253973","-22.122873805841003","122.10673754401104"
"18.2248235721649","0.05051426328703394","-22.37893194020879","132.311325866153"
"11.038636337651232","0.05075322959788796","-21.79664603618139","90.80053594453408"
"13.324719532691109","0.05062200220626556","-21.97656834824229","102.52974269967652"
"8.506680148061216","0.05072658214829629","-21.115250310668593","79.62150651221629"
"12.633227467446494","0.0505","-21.945494545871497","98.7379210978099"
"6.74059960435295","0.050844522102569234","-19.651560781435453","72.60714591513273"
"19.01384220060093","0.05059500992841934","-22.58902160993083","138.17271060995498"
"7.835915088329079","0.05062730568776807","-20.71402919318891","76.80478837387032"
"8.831303991159459","0.05062624935526368","-21.26274943224676","81.02417196512384"
"14.368953657163692","0.05079767651792133","-22.002249227027825","108.16954851848189"
"17.404359875742966","0.050796646130420675","-22.21203751432226","126.75746511549565"
"18.65454492016466","0.05070410684324897","-22.486962248156715","135.38990067179324"
"11.450078874584982","0.0505","-21.84833144586456","92.64147753198657"
"13.323486485173728","0.05070626731393828","-21.975899749293117","102.52636649834176"
"19.502704634500816","0.0505","-22.739432907679426","142.16700829813882"
"12.531632313396653","0.05070670881581095","-21.937870270319497","98.19357599585811"
"17.727994884370673","0.05057265561264971","-22.271550071171674","129.0033761896682"
"8.276204945845079","0.05076820861071303","-20.993350343586233","78.64469541336304"
"9.223464113653996","0.050559276671226096","-21.408565267789378","82.75454565923714"
"16.631318296131955","0.050499769608276436","-22.11047579598277","121.221913664075"
"18.038617135978722","0.0505926856161457","-22.335901946966125","131.06207800367108"
"19.244372987570415","0.0505","-22.658764770210162","140.03213814903103"
"6.386051107793089","0.05094690647504718","-19.1640105769307","71.26052709669241"
"10.814588057773761","0.050619559226560217","-21.766245286684807","89.8115815309455"
"9.837053646820333","0.05063816096485076","-21.581332538396335","85.42077970109496"
"9.891234590473953","0.05059541954887111","-21.594426988619233","85.65804469657921"
"12.028626256106552","0.05062102947857224","-21.90254376905543","95.50967786129907"
"8.549534385198012","0.05057218291899054","-21.137288107339977","79.8009537935211"
"18.450458925692033","0.050673045819776115","-22.433534569608813","133.9024246881354"
"4.846001331036393","0.05094815199678018","-15.94131343700684","65.68351373022054"
"12.73301193241933","0.05067889622077052","-21.94973593853413","99.28897168293543"
"16.097578380168365","0.05074316131424086","-22.06366764540024","117.9796337909601"
"5.141205955261734","0.0505","-16.718507136395115","66.69694906711008"
"5.561957596190048","0.05057722193693208","-17.687168052476924","68.20682285061405"
"6.015922343055918","0.0505792484859416","-18.5659782368234","69.86388822103689"
"9.398041217678609","0.05061356376778083","-21.46342990797293","83.5155583063277"
"10.634752194433307","0.05060471760500277","-21.738621544407902","88.99912850947482"
"17.085140646270048","0.050514121065486674","-22.16509823690604","124.43665096624599"
"16.782533230059535","0.050751730867115374","-22.125391416896118","122.27829874045568"
"17.635195818688068","0.05068101222112771","-22.253307448698123","128.38234799395548"
"18.43418053951594","0.0505","-22.430319895678934","133.7740848841504"
"13.643936562184724","0.0505","-21.98766064284578","104.23076766046208"
"17.348003873581195","0.05055948979261604","-22.20419908451027","126.33782567220388"
"13.061786462467182","0.050664043514850626","-21.96586021492625","101.09129999050555"
"14.054936304079355","0.050597577878831186","-21.99714933611015","106.42353460643385"
"10.15599269164625","0.05053538823805415","-21.65245257082803","86.8320073161346"
"9.489686164120457","0.0505263001162195","-21.49106131673577","83.9091979502619"
"7.922269211633636","0.050537900076227896","-20.775093187361104","77.15755434649346"
"4.459005064006863","0.05057711602080059","-14.801149467839414","64.36303398806788"
"10.886341940531118","0.05084314073444829","-21.774964031282142","90.13619902344948"
"11.417554122198549","0.05060738668231278","-21.843920879786108","92.49261753489952"
"18.48751913360814","0.050535914553763016","-22.443759527330588","134.15791729078884"
"16.898709571947638","0.05054569942532304","-22.14046846831049","123.09153693098824"
"14.847449498375852","0.05064402534319467","-22.013321666040753","110.86597624602578"
"8.703486244520892","0.050719295564862064","-21.20744191334568","80.46783404114286"
"7.680502918743988","0.0505","-20.598690111400256","76.17543921290046"
"9.305886305406673","0.05074964651923139","-21.433907847007628","83.11984856473691"
"15.948272397004354","0.05060826999190481","-22.055016143500023","117.0929069686876"
"8.176006803140336","0.0507854006391674","-20.93529642061064","78.22297760915271"
"16.777117351280975","0.050672878693822476","-22.125250314416807","122.23564555855158"
"16.330935021799107","0.05051518223028094","-22.082606018414815","119.34272047565678"
"6.773845765922331","0.050577009508427494","-19.694792386366206","72.72785584521921"
"14.073591331772224","0.05060132031000065","-21.99753035171072","106.52562636729155"
"5.64364261304272","0.0505772066708634","-17.857619622729793","68.50287219515504"
"6.653292038886086","0.050663424921601224","-19.540210469029507","72.27200553414846"
"11.641376842499351","0.050547828627544734","-21.867976819314777","93.55842639535612"
"9.928982744010883","0.050715045978739645","-21.602217589993852","85.82808308612773"
"13.631954437822426","0.0505","-21.987319691721133","104.16762025639376"
"8.866633717352107","0.05062429895443061","-21.277190780404556","81.17961404600993"
"7.539170390265143","0.05057717724431807","-20.483733118006985","75.62762455535929"
"18.421570165431614","0.050670673711155134","-22.42621897052105","133.69661515786254"
"13.456062503489617","0.05052021501593672","-21.98180747956582","103.2366968964671"
"16.94787728055004","0.05053405849547759","-22.146711376905145","123.44422015341752"
"9.977651240809088","0.050601331130788026","-21.614032550391386","86.04018025745623"
"7.919242770384195","0.05077960590511016","-20.77136554685286","77.15067367688391"
"7.037780412798454","0.050594735448882676","-20.001911281485878","73.72988015292135"
"6.491134759240795","0.05094289235364461","-19.316889711192673","71.66008280026648"
"18.34614710652923","0.050539962665217854","-22.408098973740238","133.15519493291052"
"5.80001017122792","0.050577114620965286","-18.168584161693023","69.07137556955604"
"11.408694385248006","0.05059715698882168","-21.843011551099263","92.45095317125713"
"8.612552954375744","0.05059042657342182","-21.167050628175282","80.07189213175978"
"5.5023380381132405","0.05057608811131388","-17.559222937597696","67.99086335764503"
"18.883035319647433","0.05052906320143289","-22.551432303108317","137.13079858940674"
"12.660001152737472","0.05057936778795031","-21.946430640279235","98.88672763212381"
"17.629873076781365","0.05075249514427992","-22.251913565813773","128.35024614798664"
"9.502498094324139","0.05078761062190734","-21.49278572551675","83.97169173552767"
"19.399608625413027","0.05053415481275712","-22.706731262815993","141.31352393421795"
"19.290679222262124","0.0505363786403089","-22.672825078254473","140.41488069622102"
"16.334599347840907","0.0505","-22.08300309053081","119.36381789355836"
"16.046782988244637","0.05053439764354263","-22.061627136894693","117.67018076688649"
"5.037006572774254","0.05052753578898416","-16.453961612691906","66.33273588283907"
"19.8","0.050527062286367656","-22.83500289080445","144.65250969960417"
"14.222172938412445","0.050587397517379624","-22.00076999315239","107.34323300872265"
"8.649683655226585","0.0505","-21.184825369705177","80.22959561094201"
"16.850810385993913","0.050795368184083034","-22.13313330721877","122.7640788295767"
"18.29586898329898","0.05054357839617067","-22.39578895311432","132.80439816688423"
"12.068411647740733","0.05076996867975466","-21.904636217895806","95.72244908206417"
"6.226203241766815","0.05058017448136287","-18.91903871145082","70.64872575861664"
"6.608384402005024","0.050525516898735225","-19.48134148555638","72.09840200688467"
"4.718997184515562","0.05051896522925118","-15.584385034044107","65.24590351234565"
"19.79333089468807","0.05052715284807705","-22.832832082817458","144.59687924010825"
"18.96821243023944","0.050588165783494635","-22.575705249736778","137.80835524499707"
"7.941971476163978","0.050671425720044745","-20.787574701312703","77.24212003425215"
"10.018722559115043","0.05063989654721527","-21.622780762384373","86.22345730350213"
"16.684450821047854","0.05053589643032191","-22.115837122938647","121.58444294245372"
"5.181966484532081","0.05054778766790378","-16.819024618301643","66.8417619425731"
"13.692060829741559","0.0505","-21.98900104278668","104.48432048393612"
"9.150217903985423","0.05059271766634183","-21.38351325286187","82.43246477282182"
"12.910307383255674","0.050584790554483464","-21.959519403670754","100.25666344896618"
"7.110876265048848","0.05058390744360984","-20.080160579456305","74.00686448875355"
"16.352643911201937","0.05069385206822539","-22.08328702252948","119.48276219317744"
"18.065376259471535","0.050643926225604305","-22.34156365700477","131.24353315478857"
"18.48448255794402","0.05072137947976639","-22.441992010394053","134.14941652351754"
"12.601874401846905","0.050540671010869356","-21.943357504847796","98.56882309539863"
"17.934943742099364","0.050640685105614126","-22.313192055150406","130.37915390197645"
"17.28381316800751","0.05070509332247613","-22.19319587147333","125.88465085626322"
"16.922410952074873","0.050621518166568895","-22.14296552682473","123.26614390899147"
"11.370837876847286","0.05065647596012275","-21.83829114506554","92.27734173735183"
"7.460605616075094","0.050549038737896936","-20.416486186431484","75.32664300729904"
"18.837839814837164","0.05068324715704813","-22.537780485025753","136.78873621383735"
"11.909169233873092","0.050548588587378505","-21.892992287365708","94.89091283932521"
"19.055598529398726","0.050532832692178495","-22.6016666603289","138.50269868704254"
"6.6406774964413104","0.05054744896563402","-19.52427007706131","72.22173151542907"
"16.65772261313185","0.05072135470960075","-22.11186692893795","121.41283608841466"
"9.618473525783388","0.05056333372111072","-21.52653219166568","84.46686036518732"
"6.605214640900678","0.05054526419385999","-19.476960422051214","72.08672727640783"
"16.040391652411056","0.05060325288509996","-22.060771345681523","117.63616403697245"
"12.572653976498152","0.05063994659212529","-21.940869424992112","98.41369146970575"
"17.98373391437527","0.0505","-22.32441626664201","130.69208146783444"
"14.851461388885292","0.050620732593963054","-22.013575008319947","110.88763401737108"
"15.393283332078964","0.050578524500874356","-22.029270069582076","113.89880973908438"
"8.88509844136315","0.050584537717622766","-21.284907366667237","81.25997588875117"
"6.458564921741052","0.050523063535273055","-19.27277840499815","71.52786919004052"
"7.384390706785691","0.050549038737896936","-20.348347726193143","75.03751653344997"
"13.14079660172542","0.05060648201992629","-21.969623455700013","101.52274311637703"
"16.610570386705056","0.05060299745332323","-22.107718286767682","121.08929416408299"
"12.168866335248381","0.050579070783352706","-21.913933789185155","96.24402532093438"
"16.05459113193703","0.05060995062159301","-22.061652176230314","117.72020412000305"
"10.599563471734179","0.050571323458852915","-21.73316560977222","88.83829048284534"
"11.628015905515793","0.05060522482117845","-21.866200362820422","93.49545086475239"
"9.997508465311142","0.05055674380285545","-21.618762383884494","86.12692256067021"
"11.547794888347566","0.05058897486097739","-21.858104769732577","93.1081913671643"
"8.784657409473612","0.05062109793343784","-21.24329724562472","80.81929906623915"
"9.602374548869612","0.05055422464486855","-21.522264799551735","84.39694902459087"
"13.045635740444952","0.05058541702848961","-21.965742586499353","100.99958503952652"
"5.387641490184006","0.050545238671003544","-17.304665811732452","67.57639992272308"
"9.88120660307967","0.050586935163298506","-21.59215347634908","85.61360291242181"
"8.687312780197338","0.050599466850936706","-21.201108044219723","80.39472740817001"
"17.324508855313166","0.050570231695527115","-22.20037889167788","126.16944637609295"
"10.78396386230289","0.05055035768336648","-21.762215090511017","89.67217452572723"
"6.125455835739809","0.05061312150828886","-18.753762621281794","70.27126617945264"
"16.372088739799178","0.0505","-22.08614119985455","119.58914916898061"
"9.245308534495157","0.05058857557067249","-21.41555643049536","82.85126695579758"
"16.99605546164343","0.05066631448916883","-22.152160173371904","123.80003836628137"
"12.66696608575752","0.05057757486645944","-21.946839160457102","98.92463221264492"
"15.83914813226518","0.05054910313906538","-22.049200397804725","116.44796360484455"
"12.89444819912344","0.05057135298077424","-21.95885157539722","100.16913703333648"
"8.187393911721342","0.05057603350750513","-20.94350587029924","78.26591714699646"
"18.424065554181112","0.050622782934942816","-22.427104992136684","133.71092684237504"
"11.52661249547749","0.05060972967242452","-21.85572171974299","93.00764656444261"
"18.47960801407416","0.05059327806770085","-22.441418940757842","134.10525142042158"
"10.279847533718616","0.0506139066665051","-21.67626923341822","87.38982537910782"
"15.16985058171812","0.05053294713947497","-22.02237255135466","112.6630800621435"
"19.985389621576864","0.05062626070402519","-22.895101268107958","146.20844268704022"
"12.631560206197193","0.05057881205420434","-21.944803638971354","98.73176248631835"
"19.146957227131857","0.0506381929997871","-22.628444443719264","139.24869805170522"
"18.586421876163634","0.05054180958553233","-22.469581688102167","134.8753675349461"
"10.099077077477883","0.0505","-21.640985857628127","86.57690238215382"
"16.445650699069276","0.050530122997667674","-22.09238401750019","120.03871603023072"
"14.549169827413683","0.0505767744245811","-22.007432002699854","109.17264053469421"
"16.99083451739199","0.05060564060283838","-22.151836755242304","123.75863483317951"
"15.985709976124028","0.05057087263143118","-22.057527159000387","117.31179778682721"
"18.132916538884164","0.050555335120875095","-22.357317297647953","131.6892748125354"
"8.913039041149625","0.050615533090603335","-21.29577802771438","81.38405113131252"
"7.1727879861735175","0.05059185031383773","-20.14410042283172","74.24118960298556"
"19.350089550726384","0.05059966656501149","-22.690928069721156","140.90928026870904"
"11.947583445672073","0.05060266386157268","-21.89589808928192","95.08969662935178"
"5.983098810374728","0.05065772997887865","-18.507459761836877","69.74416346746717"
"17.519811954610468","0.0505988746993313","-22.232901984992264","127.56838108882118"
"19.784385054745567","0.050630600858445035","-22.829410952069168","144.53086526065758"
"16.66343126441653","0.050544586972035566","-22.113550274089743","121.44146918373644"
"8.609717945962824","0.0505017082876605","-21.16636369854407","80.05748005306339"
"11.108450562157794","0.05060170299307096","-21.806938764110416","91.10183061258424"
"18.333198746565536","0.05062668831594693","-22.404448364135252","133.07062204669884"
"17.82239339634749","0.0505","-22.290659904104572","129.62622648282843"
"4.909201757262596","0.05056124289776729","-16.11578314672689","65.89333692187691"
"7.051742867339685","0.05054003971629741","-20.0174150916383","73.78170446884619"
"18.799170755890792","0.0505883113539703","-22.52738387684018","136.48129573210272"
"11.981254372138189","0.05061291825661928","-21.898674277059516","95.263678498457"
"15.705363600203484","0.05057145638865727","-22.042249177997068","115.66874332217341"
"18.28207105838515","0.05063386136649125","-22.391965156749457","132.714893600725"
"8.538104730242924","0.05053971984564448","-21.131984176233633","79.75121897241758"
"17.271707726193753","0.0506213970139768","-22.19180772552197","125.7921509816087"
"9.530544828519858","0.050615688932977514","-21.502004620105495","84.08814334941586"
"7.904002235448031","0.0505","-20.762800797924985","77.08130963181381"
"13.385117914067413","0.05054045261704351","-21.979289530394382","102.85484485337295"
"10.59710433116019","0.05057121550306868","-21.732763771921334","88.82711434398524"
"16.294171626793084","0.050512778204143835","-22.07964138790051","119.1233397151303"
"6.648610990007995","0.05054123017572954","-19.534785545615268","72.25176138156309"
"16.88923190431478","0.050606381559437405","-22.138935828015846","123.02724392925225"
"19.768480811583746","0.050636587666322494","-22.824211316090175","144.3986393793089"
"12.487214225028445","0.05056016952505972","-21.936205974955993","97.94773537260356"
"15.744397595050643","0.05058343628684718","-22.044070462165624","115.8961286195509"
"8.761851528037619","0.05055791281687654","-21.23403834455493","80.71788500557253"
"18.69514239676205","0.05063661888438694","-22.498344452106142","135.68895502756985"
"5.4494003559814725","0.05057985291222205","-17.443054298869992","67.79958191693169"
"18.27690516047631","0.05061024181250278","-22.390846997254435","132.67741383492483"
"18.822720816204964","0.050549002155759214","-22.534207826046988","136.6610279288241"
"10.4808485108132","0.05054097579220667","-21.713405482779525","88.29783521981238"
"13.301481164165526","0.05063335376055796","-21.97564370510651","102.4034690543358"
"17.360488539785393","0.05062374296485906","-22.205843106997428","126.43161582119944"
"11.597792479769439","0.050553829183064405","-21.86353391720629","93.34742439059904"
"8.868145819618505","0.050567995992765145","-21.278210356684138","81.18483082436461"
"18.324639477130948","0.0505","-22.403031113752277","133.0018557528815"
"8.051519908100195","0.05057475149247058","-20.860149513441854","77.69559189355954"
"14.790153939150107","0.050561948224110566","-22.012601928039388","110.53729439263064"
"12.46500412386413","0.05055201288503648","-21.934853530944373","97.82741019515595"
"13.490896329451834","0.050623685227818835","-21.982163169474745","103.42665588894806"
"16.867353408536523","0.05057952207081129","-22.136428319392195","122.8692828173024"
"18.970994588330413","0.05058014603959992","-22.576556972737965","137.82986895494804"
"17.974677178793563","0.0505","-22.322461789662007","130.632188679225"
"10.68415808499206","0.050602925961788545","-21.746492516566136","89.22317072575296"
"15.322298554167876","0.05053482413106288","-22.027113981350848","113.50357251120448"
"12.330434586942147","0.050579322600143285","-21.925668789967744","97.1043025752528"
"18.4067183255764","0.05054706146581868","-22.42313751831015","133.5825016862526"
"18.90392674330664","0.050539119193028684","-22.55736587798723","137.29586410067637"
"16.739023539598126","0.05062499423668827","-22.121249081144036","121.96652571470622"
"9.999461468528876","0.05056833266018777","-21.619104797187735","86.13591813761478"
"13.50565569989319","0.05052632556164518","-21.983345673640976","103.50116297501594"
"14.838216587177875","0.05061889220837458","-22.013285088176623","110.81247879982547"
"19.285613242761908","0.05060854087171342","-22.670897013854923","140.37893105983892"
"6.609381808219162","0.050591269092463725","-19.482286018673054","72.10351446647621"
"7.473344904597963","0.05057381283435106","-20.427447889028603","75.37571333625242"
"12.751023770985467","0.050541652747222984","-21.95174011833684","99.38230151791338"
"16.109692433703838","0.050602280862062525","-22.06539458907504","118.04299179722776"
"6.082738904950794","0.05052411856189856","-18.682016594546027","70.1104621892131"
"4.477399312974906","0.050518672130598644","-14.858940654547833","64.42527692995975"
"18.54455187022924","0.05054298753371196","-22.458540016054343","134.5702127795626"
"19.69534978312007","0.050625545238395915","-22.800561897311468","143.78648546279635"
"4.765178023059831","0.0506150932224068","-15.716218677817814","65.40381692116837"
"17.721443643213277","0.050617826299749556","-22.270026668182137","128.9624864422058"
"18.34713834809338","0.05054871739454186","-22.408296365516158","133.1627631747495"
"7.0965610787383895","0.050585354598544977","-20.065066814174862","73.95264006380495"
"19.186314084293087","0.05060072342739056","-22.640542912346195","139.56580669742118"
"9.50473699318497","0.050619840114909435","-21.494671490758442","83.97676874168577"
"18.676304697247158","0.05061635791458897","-22.49331900129803","135.54590259829584"
"16.441816956550326","0.05054855413677898","-22.091925061584217","120.0161879007745"
"10.613364976008064","0.05060105042483868","-21.735190340981546","88.90189583746371"
"10.694408094553326","0.0505693929063771","-21.74835521541319","89.26856911735959"
"5.002866597742173","0.05056570568195533","-16.364982837141874","66.21521314672222"
"5.453422416346074","0.050525000409482504","-17.452235242641887","67.81317402509018"
"9.39472431729559","0.050536200334471766","-21.463001290343563","83.49911674355809"
"8.717696225088602","0.05052505879845476","-21.215109017275445","80.52460689680899"
"11.948568986468677","0.050550914591795615","-21.89637676917104","95.09297235349833"
"19.29959207093216","0.050598512262195756","-22.675264686212856","140.49305993420717"
"17.10369850919022","0.0505999619723113","-22.16717936444074","124.57649535337744"
"10.709563134076333","0.05054502131018952","-21.750902946444377","89.33641787768082"
"10.38415691902907","0.05056360260718492","-21.696082711296302","87.85967140628064"
"7.756591057592916","0.05052708450709041","-20.656620087597354","76.48031805253034"
"17.60855856619218","0.05059977988184783","-22.24884632421096","128.19245013711466"
"12.426220306758971","0.05061815276226083","-21.93183779057509","97.62056467447204"
"19.843701102833847","0.05062828265063376","-22.848744684511303","145.0255761244736"
"16.267293574387267","0.05053272879692048","-22.077391953237672","118.96497815500717"
"18.273506802264244","0.0505","-22.39062351023454","132.64614712677044"
"9.659236090371817","0.05054758645860589","-21.53746284628358","84.64296542640398"
"15.685328947662569","0.0505","-22.04177040327667","115.54904966622647"
"18.476409403092152","0.050605107529062526","-22.44053427954991","134.0831642805401"
"8.544970830784482","0.05061638467869072","-21.1347667503848","79.78251030570196"
"11.092909218851105","0.05060148927449975","-21.804932673820332","91.0335750701035"
"6.102172766824369","0.05053572561209899","-18.71498684891505","70.18297240541746"
"6.0226590054138756","0.050563732997283575","-18.577884603576035","69.88850537177409"
"8.965097743009398","0.050600943752410976","-21.31610312685379","81.61369342239144"
"4.713125347287971","0.05058198829373862","-15.567165074388551","65.22695436103326"
"18.713976744154817","0.05062717821714259","-22.503549889834673","135.83080774857376"
"10.553014344524145","0.05054231932537439","-21.725683323294994","88.62586201417957"
"12.956880586136279","0.050601468644588074","-21.961604050525843","100.51290857577447"
