"0.0505","25.824315182731404","-18.906651745595415","71.78160165547041"
"0.0505","31.723951418534675","-19.574091746814123","71.90439165638836"
"0.0505","32.42328479606784","-19.656057901095316","71.92006172221456"
"0.0505","32.61614818109729","-19.678731942830357","71.92443280793323"
"0.0505","30.056386307411074","-19.380547097114903","71.86841438262816"
"0.0505","29.92422301230999","-19.365341147911344","71.8656770076992"
"0.0505","28.124857140606327","-19.16066617946528","71.82823334978534"
"0.0505","29.892614565219606","-19.36170766778324","71.86502431910405"
"0.0505","31.13970378055867","-19.50595065727157","71.89145060460734"
"0.0505","32.028208418353806","-19.60970195032891","71.9112209200898"
"0.0505","30.927169537770048","-19.481246551662668","71.88682891729128"
"0.0505","31.327888192291102","-19.5278627231501","71.89558463079896"
"0.0505","28.58046759342143","-19.212048133986865","71.83804468433807"
"0.0505","33.62147100798689","-19.797337644697453","71.94887819550004"
"0.0505","31.35390798505158","-19.530895205103445","71.89615902266316"
"0.0505","31.336385480754075","-19.528852968660583","71.8957721384466"
"0.0505","31.479967209633394","-19.54559607357823","71.89895073650884"
"0.0505","31.83320752358884","-19.586869713203264","71.9068409721926"
"0.0505","30.374960468935843","-19.417287135416508","71.87506969270846"
"0.0505","35.43729775200361","-20.012861168007802","72.00495353179787"
"0.0505","25.58503888415595","-18.88081206933274","71.77703654765163"
"0.0505","34.1504866208552","-19.859986437064823","71.96335729104679"
"0.0505","32.26301446465947","-19.63723751211968","71.91646716015792"
"0.0505","32.27150137789223","-19.638233611270337","71.91665690629193"
"0.0505","31.863168627119972","-19.590375644764613","71.90751360775458"
"0.0505","32.994830957584","-19.723330544693372","71.93323967084469"
"0.0505","27.244925799873396","-19.062383283399942","71.80963751842026"
"0.050490270781908875","29.251950149413755","-19.288413669766612","71.85173201914166"
"0.0505","33.75250807940288","-19.812842321381975","71.95234495319764"
"0.0505","30.43184845452044","-19.423860381905023","71.8762672013285"
"0.0505","33.16151745793441","-19.742992687816603","71.93724638726292"
"0.0505","28.978145353540835","-19.25715256390445","71.84632957857451"
"0.0505","28.45190752141406","-19.197517211390586","71.83529016671173"
"0.05050021111232055","31.58107068158488","-19.5573959297925","71.90120395712229"
"0.0505","32.15702162741517","-19.62480216741375","71.91410055252794"
"0.0505","31.12523475512789","-19.50426736409083","71.89113428759501"
"0.0505","32.57067123945563","-19.673382909558967","71.92339654143626"
"0.0505","35.46320688475414","-20.01594439667904","72.00583265396013"
"0.0505","34.76103782643922","-19.93244912194424","71.9822699083948"
"0.0505","35.406818018913164","-20.00923422972793","72.00391782395523"
"0.0505","27.70816610295203","-19.113962471914295","71.81928190868517"
"0.0505","34.5618648177906","-19.908794150720922","71.9758461288014"
"0.0505","29.642814762290293","-19.33303694332405","71.85989480558034"
"0.0505","34.2149349759949","-19.86762805820725","71.9652226680218"
"0.0505","30.522701985835997","-19.434365942517196","71.87818581900231"
"0.0505","32.28476177907318","-19.639790084742337","71.91695348214057"
"0.0505","27.953756780235935","-19.1414545769414","71.82454291792553"
"0.0505","30.872384789799902","-19.47488624329166","71.88564737512847"
"0.0505","32.83055777710111","-19.70397124302394","71.92937570980129"
"0.0505","30.173435890494048","-19.394031954803648","71.87085002327763"
"0.0505","26.866468595824124","-19.020524441898694","71.80199174102454"
"0.0505","33.387354321481276","-19.769660257627404","71.94285466094402"
"0.0505","31.04902585093282","-19.495404921149145","71.88947209288801"
"0.0505","33.85786800505685","-19.825315432995325","71.95518557777247"
"0.0505","34.353735873248574","-19.88409188606521","71.96935460666916"
"0.05049306849182607","29.31436659240422","-19.29551619492915","71.85305874530408"
"0.050500046160706885","29.605846823895376","-19.328800416152433","71.85913998351482"
"0.0505","30.468568419513247","-19.428105245818067","71.87704172156535"
"0.0505","31.968856974993425","-19.6027491430113","71.90988799667973"
"0.0505","25.198065753274417","-18.839276988727185","71.76971470984705"
"0.0505","32.563000050307394","-19.67248077003527","71.92322210762761"
"0.0505","26.507016515018673","-18.981011381107987","71.79486304518362"
"0.0505","25.954689045957974","-18.920780362952854","71.78410649807027"
"0.05050057107098818","34.97607218004788","-19.957998978074375","71.9893829329533"
"0.0505","27.434796897598616","-19.083479657589244","71.81354057245318"
"0.0505","32.22422063014965","-19.63268506343038","71.91560041495917"
"0.0505","26.8511511818323","-19.018835751017207","71.80168552069375"
"0.0505","31.48637781502967","-19.5463440767815","71.89909308709238"
"0.0505","29.12533352985627","-19.273904464337047","71.84934014144966"
"0.05049480688876844","32.36743522092254","-19.64953741866725","71.91870415872116"
"0.0505","24.91280457730659","-18.80886610726012","71.76435961367851"
"0.0505","31.76735688946018","-19.5791669230083","71.90536396862434"
"0.0505","28.435305365231876","-19.195642532618162","71.83493311701794"
"0.0505","33.26310349603845","-19.754984405058465","71.93974344450166"
"0.0505","33.000792676406185","-19.724033466785478","71.93338136432253"
"0.0505","25.40785324456789","-18.8617546139847","71.77367919702516"
"0.0505","28.787317916163992","-19.23548008202898","71.84239743494149"
"0.0505","35.47589397991594","-20.017454237279843","72.00626291165412"
"0.050500362050898875","34.94774957800018","-19.954633937715897","71.98843534002306"
"0.0505","27.78539368248614","-19.122596793869356","71.8209295590156"
"0.0505","32.85833467861168","-19.707243399193956","71.93002390709562"
"0.0505","30.092916811139055","-19.3847538642924","71.86917337571904"
"0.0505","35.16247239661011","-19.980166673701977","71.99562954693094"
"0.0505","28.168983323325225","-19.16562838829764","71.82918650733714"
"0.0505","31.80803331172737","-19.583924538026356","71.90627608166238"
"0.0505","26.239547478501112","-18.951769231612115","71.78962504391502"
"0.0505","31.26920764000986","-19.521026222891273","71.89429166994546"
"0.0505","29.199761685481413","-19.282386917958796","71.85085864817711"
"0.0505","24.46842230920367","-18.761853858840027","71.7562071975232"
"0.0505","30.402194963841794","-19.420433538758683","71.87564262546502"
"0.0505","26.332454881829335","-18.961910994701775","71.79143860903197"
"0.0505","32.538682710668226","-19.66962131785288","71.92266983059523"
"0.0505","27.55585158636657","-19.096962514798378","71.8160606962887"
"0.0505","29.820929207823923","-19.35347187561112","71.86354706038995"
"0.0505","29.577710921009086","-19.32557785849638","71.85856429654294"
"0.0505","28.753934011339116","-19.231694077487486","71.8417038667724"
"0.0505","27.13122767982099","-19.049780780002106","71.80732342496272"
"0.0505","31.01292637768885","-19.491208946342738","71.88868707666084"
"0.0505","34.45754959833708","-19.896411069680706","71.97255860454975"
"0.0505","31.392554754659457","-19.53540051601902","71.89701334495977"
"0.0505","33.037973355635174","-19.728417823662785","71.93426757210719"
"0.0505","26.408100827235387","-18.97018089870347","71.79292004596012"
"0.0505","27.649710708680832","-19.10743358310143","71.8180403574448"
"0.0505","31.067787936530333","-19.497586238654012","71.88988069953712"
"0.0505","24.608964297214257","-18.776673617628386","71.75875399215747"
"0.0505","28.508575839190875","-19.203919242341087","71.83650688128348"
"0.0505","30.69432274532492","-19.454236119949897","71.88183176835956"
"0.05050024544205023","35.95072556515186","-20.07398305490274","72.02241328553848"
"0.0505","30.02528725478269","-19.37696708551792","71.86776905256664"
"0.0505","27.19236560004462","-19.056554563472922","71.80856578747294"
"0.0505","25.51292821290245","-18.873048119808235","71.77566814720895"
"0.0505","30.27078577217564","-19.405259790760987","71.87288413661726"
"0.05049998560772235","33.83451838287918","-19.82255078566157","71.9545515016823"
"0.0505","32.14039608976341","-19.622852451201265","71.91372957994925"
"0.05050005376696018","31.627753604577656","-19.562849513747686","71.90224211462271"
"0.0505","26.719280181189834","-19.004315389614003","71.79905857554367"
"0.0505","35.18074449706498","-19.982339791985368","71.99624680887881"
"0.0505","24.339778625402438","-18.748328731033553","71.75390752213866"
"0.0505","29.238796748385376","-19.286838750555855","71.85165446420812"
"0.0505","33.5668829000833","-19.790881410599223","71.9474546079814"
"0.0505","34.61203322790833","-19.914751063424927","71.97744752563389"
"0.0505","29.07198163148866","-19.267828800622226","71.8482503208277"
"0.0505","28.686783788065352","-19.22408367160247","71.84029999512858"
"0.0505","27.12733185895133","-19.049349367975225","71.80724441009703"
"0.0505","27.58065381947914","-19.099728037391884","71.81658167045062"
"0.050499969137962744","31.86454654276253","-19.59053714036099","71.90754394464709"
"0.0505","32.317589998183145","-19.64364398473991","71.91768832266808"
"0.0505","30.926110086874868","-19.481123523201013","71.88680602918375"
"0.0505","29.38818188921997","-19.303894960078587","71.85469860375615"
"0.0505","24.994283805255517","-18.817534120034793","71.76588179313683"
"0.0505","26.335020631566767","-18.962191310504878","71.79148878667077"
"0.0505","34.3453263706859","-19.883094158841928","71.96909866990532"
"0.0505","32.74167059321231","-19.693503855820296","71.92731417570965"
"0.0505","26.86116561273929","-19.01993975784278","71.80188569934705"
"0.0505","28.792707779478643","-19.236091489274234","71.84250920395446"
"0.0505","25.974599487088266","-18.922941087918943","71.78449017066563"
"0.0505","27.825777183001023","-19.127115760974085","71.82179391858055"
"0.0505","34.120415824043604","-19.856421601570954","71.96249601849381"
"0.0505","31.245127635021046","-19.518221797431256","71.89376208703264"
"0.0505","30.389756978820618","-19.41899647096848","71.87538088547927"
"0.0505","27.196260123260647","-19.05698628293351","71.80864508022391"
"0.0505","28.822872725987246","-19.23951407916987","71.84313378706993"
"0.050500388137129835","35.81972808423459","-20.0583821266576","72.01794774437596"
"0.0505","27.51795974043319","-19.09273948668294","71.815268482648"
"0.0505","28.51554287120194","-19.204706671208292","71.83665622305617"
"0.0505","25.906280076674243","-18.915530255231033","71.78317492746454"
"0.050500160431967686","36.511564875415004","-20.140794074998023","72.04165381069988"
"0.0505","26.584616706946818","-18.989521074232282","71.796392434546"
"0.0505","28.217875569765663","-19.17113016700066","71.83024276377868"
"0.0505","31.33628528052069","-19.528841291251876","71.89576992694626"
"0.0505","26.022606664318577","-18.928154213345532","71.78541652292724"
"0.0505","33.57755048062506","-19.79214295336336","71.94773187453764"
"0.05050034232206278","34.42316854087333","-19.892328038027642","71.9714958924431"
"0.0505","33.42972856281225","-19.774667404206312","71.94392922794611"
"0.05049998159687062","25.39471837616587","-18.860344656239633","71.77343054439238"
"0.0505","32.60509203071856","-19.677431368700223","71.92418052544096"
"0.050500266563259295","35.66065389158582","-20.039443609029856","72.01253531969365"
"0.0505","29.93297977966931","-19.36634798332885","71.8658579646134"
"0.0505","29.360158486335546","-19.30069304588894","71.85412755972229"
"0.05049999968938695","27.616501740223715","-19.103727035761995","71.81733763282116"
"0.0505","26.563060423964757","-18.987156048438194","71.79596710084385"
"0.0505","26.025924701201184","-18.92851469172846","71.78548061410505"
"0.0505","31.14965916909337","-19.507108967601226","71.89166837839551"
"0.0505","30.745594652100056","-19.460178677815033","71.88292684205412"
"0.05049998440852342","27.259107368957054","-19.06395691837481","71.80992698761041"
"0.0505","24.697765141591038","-18.7860606967447","71.76037936336996"
"0.05050004988869742","34.16825674592529","-19.862092858271154","71.96386987489271"
"0.05050001776556152","34.616694043142445","-19.91530439065975","71.977597261734"
"0.05049999113055866","30.532072076736387","-19.435450024854322","71.87838395973495"
"0.0505","32.369155925950324","-19.649699339684823","71.91884467209154"
"0.0505","33.17819094176441","-19.744960461581343","71.93765294072142"
"0.05050001197044623","32.78310822468294","-19.698382778591498","71.9282731229103"
"0.05050000122935424","29.99338698863802","-19.373296063440204","71.8671078925812"
"0.05049999020938214","25.746141758783146","-18.89819679600477","71.78010559506207"
"0.0505","31.551607350429467","-19.553957406767402","71.90054352586489"
"0.0505","29.557827663328435","-19.32330089740428","71.85815828886498"
"0.05049999984992786","28.661673802403588","-19.2212395723057","71.83977024075081"
"0.05049998811834349","32.5440905687148","-19.670257276193084","71.92279232980144"
"0.050500053396587634","33.43943243206559","-19.775813795210823","71.94417732079583"
"0.0505","29.850562834551486","-19.356875641600592","71.86415721167414"
"0.050500084500981465","37.509596689304786","-20.259703275577426","72.07599081348354"
"0.0505","24.26028429829762","-18.739990282563234","71.75250401348097"
"0.050500173119040946","34.68392338859911","-19.923287476306733","71.97976598623751"
"0.0505","26.112479263537864","-18.93792593193713","71.78715553158557"
"0.050499995374751715","30.827158016994684","-19.46963802223682","71.88467472399422"
"0.0505","25.61557372241738","-18.88410294878628","71.77761694999654"
"0.05050000565551011","36.11996139365337","-20.09414192090994","72.02819868393435"
"0.0504999718558991","26.86863121830567","-19.020763111136592","71.8020344435646"
"0.0505","25.02468628798177","-18.82077218952295","71.76645145955862"
"0.0505","34.21177158001081","-19.867252931578317","71.96513044959006"
"0.05049999576407325","31.896807448488005","-19.594312900167765","71.90826906660587"
"0.050499999993865036","31.30260286559751","-19.524916474306494","71.895027080517"
"0.0505","33.93146866856487","-19.83403208316307","71.95719990838327"
"0.0505","24.160646944687958","-18.729559952707064","71.75076881144557"
"0.05050004813258048","36.65480145996219","-20.157861666790073","72.0465692812471"
"0.05050000237704968","35.17073228545103","-19.981149000055755","71.9959085552746"
"0.050500009521882286","33.34757477928496","-19.764960614368135","71.94185231244613"
"0.05050000114233614","27.50566432928174","-19.09136968787291","71.81501217812969"
"0.05050003370230686","29.736370459488622","-19.34376518797268","71.8618111581726"
"0.050500251369260694","33.15619432701524","-19.742362548558457","71.93712178086253"
"0.050500001932859355","31.807491487029107","-19.583861140260325","71.90626396453119"
"0.05050000049023325","31.359810091245308","-19.531583155294296","71.8962894125317"
"0.05050022419093447","23.939299408242487","-18.70647147018879","71.74701756408463"
"0.0505","30.1151019014945","-19.387309437811968","71.86963482324605"
"0.05050000052769037","25.982455006958617","-18.92379380202811","71.78464164015674"
"0.050500035380770074","33.46671008638781","-19.77903791108607","71.94487334095354"
"0.0505000003240191","26.298280411426326","-18.95817855117292","71.79077075264047"
"0.05050000414838075","35.74019609447928","-20.048915441791898","72.01523323762518"
"0.0505","28.858480366668445","-19.243555916942412","71.8438692248543"
"0.050500025046522935","32.13210089386517","-19.621879545690703","71.91354496530285"
"0.05049999757011976","34.923865699546894","-19.951797934683082","71.98763429753627"
"0.05050000452773483","32.436240228628485","-19.65758008838644","71.92035365535932"
"0.05050000747095408","33.14114265329013","-19.74058827393234","71.93675133574466"
"0.05050003434972529","23.41414019373673","-18.652175271725735","71.7385319295757"
"0.05050001978054751","37.34204847335487","-20.239745443951318","72.07019953869234"
"0.0505","27.05971182330827","-19.04186565247773","71.80587572722726"
"0.050499999617598094","31.517762278812334","-19.550006648013408","71.89979049592372"
"0.0505","34.48400186058259","-19.89955076420924","71.97338642428488"
"0.05050000032055698","32.57378471863831","-19.673749067882284","71.92346737411148"
"0.05050000325557762","28.581074088119934","-19.21211671948056","71.83805768714566"
"0.0505","27.99944312267076","-19.146579741634376","71.82552705143945"
"0.05050000584936201","30.58344639416318","-19.441395100499253","71.87947306674822"
"0.050500103615651125","25.413220156793553","-18.862330106056984","71.77378269299808"
"0.05050004914005181","33.49622032138945","-19.782526139170958","71.9456301982563"
"0.0505001716725005","34.70698034409106","-19.926026161396674","71.98051315429207"
"0.050500006441906206","35.167326852626175","-19.98074395934978","71.99579360897691"
"0.050500034062259384","26.16097114682224","-18.9432048032037","71.78809712405071"
"0.05050007690705081","31.764605585366407","-19.578844583493968","71.90530381377033"
"0.05050007685246462","24.469129472816423","-18.761927737726264","71.7562214287879"
"0.0505000616441806","28.412028326411374","-19.19301438301369","71.83443334591269"
"0.050500008070069685","32.68894320254227","-19.687297257792412","71.92609998179783"
"0.050500141482366145","29.018789600670758","-19.26177425566633","71.8471650243176"
"0.05050017135148059","23.71520984886709","-18.68321955906517","71.74332583051576"
"0.0505","36.17888652741048","-20.101161102529545","72.0302187879572"
"0.05050000176511521","27.062077903520084","-19.042127361723292","71.8059235656501"
"0.050500005792850994","35.42541619481935","-20.011447249975266","72.00455003841596"
"0.05050004817422513","30.908883721327104","-19.479122911596253","71.88643504531049"
"0.050500024168564084","27.04777417129981","-19.04054514673644","71.8056351088254"
"0.050500005220987264","33.18125516749686","-19.74532207455555","71.93772789734567"
"0.050500019805515814","37.03051735160101","-20.202629549913652","72.05946614454042"
"0.05050000125723775","25.876242320763335","-18.912274942469885","71.78259780800101"
"0.050500013726993","27.725111678956264","-19.115856092151002","71.81964304924485"
"0.05050001491474375","24.719167240888456","-18.788325663366624","71.7607731021228"
"0.0505","32.94704026975891","-19.717696600440064","71.93210770650447"
"0.05050002876467312","30.186163087780805","-19.39549898278672","71.87111607916863"
"0.05050001715772125","31.194689720012143","-19.51234939412629","71.89265508395731"
"0.050500052523632974","26.693938877582905","-19.0015283598699","71.798556653301"
"0.0505","33.701509445160845","-19.80680691346479","71.95098724454517"
"0.0505","29.23975179117487","-19.286947696683782","71.85167393124014"
"0.05050001615474423","34.937765062501796","-19.953449852853026","71.98809646485488"
"0.050500067186977415","23.805483597278425","-18.692572730353792","71.74479779023241"
"0.05050002290905856","30.837246434012997","-19.470808312513167","71.8848919941984"
"0.0505","30.266294269977838","-19.404741516754406","71.8727901145367"
"0.050500023767054265","27.459259796879184","-19.08620208169824","71.81404796755915"
"0.05050002234798924","29.79316970137733","-19.35028421052265","71.8629767344846"
"0.05050004816058024","36.346995602555204","-20.121187663538965","72.03599271135481"
"0.05050001377495276","34.78854011406439","-19.935716473109995","71.98316991254808"
"0.050499999876328944","32.239265343907306","-19.634450414290594","71.9159364419127"
"0.05050004068678335","35.6205321623735","-20.034669203027104","72.01116884711871"
"0.0505000259387846","28.77407874785192","-19.23397825988955","71.84212316738949"
"0.050500006231229126","34.026779276381","-19.845323830988253","71.9598478309518"
"0.05050004686970308","25.605040652690874","-18.882967178901588","71.77741758792594"
"0.0505000066209064","30.490150883774202","-19.43060086752383","71.87749766183964"
"0.050500027832647176","27.13844570773451","-19.050579944553263","71.80747041233509"
"0.05050001531538374","26.284367553405467","-18.9566595662371","71.79049940679086"
"0.0505","28.144153954243347","-19.16283582153309","71.82865014343798"
"0.050500019468809484","29.570275183756365","-19.324726134151092","71.85841282636017"
"0.05050005268099152","22.7136884053931","-18.580838828195798","71.7283111678884"
"0.050500034464335666","25.030112529580972","-18.821350076166954","71.7665538979425"
"0.05050006742063325","36.804614798321424","-20.175712335556437","72.05170832437346"
"0.050500017873620774","33.22987605834521","-19.751061222778052","71.93892204520982"
"0.050500001284293716","33.87488195817057","-19.82733017038107","71.95564899331208"
"0.050500022819131817","27.679209186941918","-19.110727380309346","71.81866665476676"
"0.05050003073738375","28.643169111893602","-19.219143990482827","71.83937905221396"
"0.050500039972278546","36.03208082773997","-20.083674099027697","72.02519032247669"
"0.050500031695601875","31.58811132191844","-19.558219501483652","71.90135737019116"
"0.050500030416545535","35.41783992802274","-20.01054551954064","72.00429305985247"
"0.050500021780104404","34.37092983849152","-19.886131749977842","71.96988019190833"
"0.05050005268099152","21.480508810598664","-18.458452694415307","71.71211871716258"
"0.050500011272972455","30.82711347267957","-19.469632732008908","71.88467407892317"
"0.05050003137636661","30.23356203886001","-19.400965026847192","71.87210604382757"
"0.05050008326978461","33.412354833156286","-19.77261366426652","71.94348945468545"
"0.05050003008168327","32.5809602531354","-19.674592743929573","71.92363125487303"
"0.05050005122696796","29.11481530346264","-19.272705951410522","71.84912639038625"
"0.05050003235637624","24.351766858060174","-18.749587261113984","71.75412104611071"
"0.05050001885698584","30.359436805042595","-19.415493924967343","71.87474378400358"
"0.05050001326826082","32.06151610113296","-19.613605032394506","71.91196798539687"
"0.0505000096688441","25.542179612219194","-18.87619614613132","71.77622305137449"
"0.050500068788114486","38.116018292819724","-20.331906462391235","72.09700949940716"
"0.05050007489175784","21.230874452600332","-18.434201354823333","71.70876840085327"
"0.05050003268671378","25.563676948124154","-18.878510708209447","71.77663148983781"
"0.05050002997329891","36.75648597997068","-20.169977880424728","72.05005646745848"
"0.05050003104166542","30.015585214465542","-19.375850225800164","71.86756848792804"
"0.050500068097323644","34.47281397305146","-19.898222276579332","71.97303712711897"
"0.05050003204439987","23.251427841678577","-18.635491556310374","71.73602701283326"
"0.050500017567675255","31.105467966290664","-19.50196795013474","71.89070286937172"
"0.0505000188703003","33.45162495853182","-19.777255057710857","71.94448755486766"
"0.050500018094141105","25.76564185455457","-18.900304488605904","71.78047886471528"
"0.050500033823647116","26.79818826394827","-19.012999855488992","71.80062913796668"
"0.0505000272719472","31.73084736561578","-19.57489773021957","71.9045465908025"
"0.05050001918390576","32.79688606412344","-19.70000524469908","71.92859292442131"
"0.050500063458271224","34.012928010155164","-19.843682100158127","71.95946127257342"
"0.050500066667255865","24.628451717141417","-18.778731583371453","71.75911097125856"
"0.050500048588995775","33.72876560283267","-19.810031978848173","71.95171245711211"
"0.05050005493937617","28.635322939769804","-19.21825551259505","71.83921311302157"
"0.050500049797153584","34.98973760614008","-19.959627533025216","71.98982867735685"
"0.05050002753954661","38.65134876685962","-20.39557955635138","72.11564338960325"
"0.050500059195184466","24.51881436472989","-18.767161897054272","71.75711767153763"
"0.050500031664177006","26.51316369366032","-18.98168482773673","71.79498464177736"
"0.0505000192385529","31.62145733603867","-19.56211428456189","71.90210090559277"
"0.05050003689102804","27.612091783985857","-19.103234685560462","71.8172452071371"
"0.050500029798893946","30.49247681808876","-19.430869678907857","71.87754726447669"
"0.05050005034667679","36.476286551902625","-20.136591638331303","72.04043852783187"
"0.050500056780281806","38.35666793329518","-20.36053894570297","72.10538136718951"
"0.050500049142131395","34.52838774647564","-19.90481929474109","71.97478552767292"
"0.05050005849037573","24.509850153034368","-18.76621715192998","71.75695557363419"
"0.05050005802786872","33.511396776974706","-19.784320238944517","71.94602077690561"
"0.05050006357059181","36.96281005733914","-20.194561846155846","72.05713969358018"
"0.050500051189101225","29.8762845822103","-19.359830587424366","71.86468842806444"
"0.05050005643808063","31.039404052252173","-19.494285977998484","71.88926381231656"
"0.050500044557724","29.380467900735724","-19.303013124292637","71.85454227982642"
"0.05050003302253949","30.3929659130668","-19.419366956258692","71.875449046918"
"0.050500045124618545","36.43430117477119","-20.131589339833468","72.0389945212925"
"0.05050003079612045","27.280221901814","-19.066299987464603","71.81035982176915"
"0.05050005061268721","26.423353596837277","-18.97184934754793","71.79322023827696"
"0.050500036754459986","35.83692493590172","-20.060432610701895","72.01852671995684"
"0.05050005605645301","37.72230006039092","-20.285035758651645","72.08335350743714"
"0.050500053867335706","23.9979352027441","-18.712577096201663","71.74799783828956"
"0.050500038183657565","26.879688691553856","-19.02198196884527","71.80225696709549"
"0.0505","37.104705722090046","-20.21146907310216","72.06201797707946"
"0.0505","38.67424516780628","-20.398301317056706","72.11643944583832"
"0.05050003520479278","34.53903924424233","-19.906083925768115","71.97512237939173"
"0.050500029483729884","33.96491559561217","-19.83799392588331","71.95812445961309"
"0.05050003224989986","28.40423661007204","-19.192135207591843","71.83426498413436"
"0.050500050135558035","29.004296832234743","-19.26012631323585","71.84686646344848"
"0.050500018617914685","25.431122870128057","-18.864253488820278","71.77411959193533"
"0.05050004914182667","25.89728248638961","-18.914554590402926","71.78300293756692"
"0.0505000468228587","29.888467410888644","-19.36123067464431","71.8649396589888"
"0.05050003387467424","23.215576828878163","-18.63182459691541","71.73548403080102"
"0.050500011184726544","36.36743443064477","-20.123623004478457","72.03669459520682"
"0.050500019670737153","24.61914903785787","-18.7777491811723","71.75894019113166"
"0.050500032650418185","31.190174997794312","-19.511823769107245","71.89255639819419"
"0.05050004954180401","31.980395258239124","-19.60410019303414","71.91014819871643"
"0.05050003131122201","37.064437350141446","-20.206670978100043","72.06063299897168"
"0.05050003656832561","28.109908232572522","-19.15898552484254","71.82791122971598"
"0.05050005588973763","37.684671857261684","-20.280554833424528","72.08205056376433"
"0.050500025487329535","28.936929191422617","-19.25246695751015","71.84548431142741"
"0.05050002871363999","34.41267222042716","-19.89108487031987","71.97116478729887"
"0.0505000440569379","31.294130184418723","-19.523929037618363","71.894841259083"
"0.05050004247670401","36.1576997284092","-20.09863696344688","72.0294930198026"
"0.05050000032312588","39.44029259897528","-20.489250885281834","72.14290192747754"
"0.05050007881893467","21.851910856798103","-18.4948656982668","71.71694154862789"
"0.050500041325480104","27.279461901707023","-19.066215544563487","71.81034447066116"
"0.05050002972910869","29.83484580252328","-19.355069992315475","71.86383408505394"
"0.05050005912482593","33.37605025217489","-19.768324235125522","71.9425703191485"
"0.05050005278760998","36.57198979209618","-20.147994490821006","72.04372814683136"
"0.050500036674070985","26.53623139690842","-18.98421348429293","71.79543897828106"
"0.05050002954593453","35.78032927390714","-20.053693673517877","72.01659916094681"
"0.05050003689074274","23.454999700258604","-18.6563752886356","71.73917069861098"
"0.05050006192335553","38.353633800444214","-20.36017799371718","72.1052758183437"
"0.05050003499045348","24.817666178459323","-18.798763411032837","71.76259220883345"
"0.05050005627725926","29.612593992205255","-19.329573367126144","71.85927806678504"
"0.0505","38.74512703600019","-20.406725536084654","72.11890296964474"
"0.050500027917565735","28.036600582132486","-19.150750401167315","71.82632880678837"
"0.050500041431919857","24.35403697701914","-18.749825594919816","71.75416157160511"
"0.05050003625559894","26.78712879656977","-19.011781921136507","71.80040880039931"
"0.05050003460841977","35.417887818110685","-20.010551185376542","72.00429476996405"
"0.0505","31.389838179691683","-19.53508377952891","71.89695324681753"
"0.05050004837771713","37.60242125794869","-20.270759418135516","72.07920233722922"
"0.05050003525584209","32.94951059203849","-19.71798751047539","71.93216674446288"
"0.05050004137575933","25.79777164627754","-18.90377915260721","71.78109404746918"
"0.050500044168466984","22.73002627244699","-18.582488223708598","71.72853444478453"
"0.05050004135181271","36.6338718139031","-20.15536790170574","72.04585127056825"
"0.05050004571210164","37.45065787101062","-20.25268313495858","72.07395199872468"
"0.05050002849566782","28.394590610661197","-19.191046685735767","71.83405713670756"
"0.05050005611473333","38.02265889601435","-20.32079515484234","72.09376635885185"
"0.05050004542867116","36.04636510812054","-20.0853754083194","72.02567918906925"
"0.05050003892215561","36.62518772904525","-20.154333194173855","72.04555333758225"
"0.050500048765102175","29.02421650002373","-19.262392382693925","71.84727429931648"
"0.05050002963234665","35.235321262381994","-19.988830972080777","71.99809427404008"
"0.050499997266817274","34.19537641295118","-19.865308828216026","71.96465357244546"
"0.05050003128901989","26.581448820817204","-18.989173221118104","71.79633051583967"
"0.050500029936285044","30.929449981473795","-19.481511141331005","71.88687877590039"
"0.05050003923915373","23.378459038900466","-18.648510929758025","71.73797734875316"
"0.05050004206210888","37.85376040970074","-20.3006889437067","72.0879072124659"
"0.050500053310092524","22.29618881012768","-18.538934295741523","71.72272500763941"
"0.05050002123973388","36.192599665485666","-20.102794491970112","72.03068963082022"
"0.0505","33.34457208915228","-19.764605988080937","71.9417766962466"
"0.05049999099695322","37.12089307865685","-20.213397792454284","72.06257498615842"
"0.05050000565663698","35.35751793134739","-20.003368185570125","72.00224191021975"
"0.05050003167277072","34.14929577739957","-19.859845010241596","71.96332370011476"
"0.05050005031705339","34.65112649926105","-19.91939319851107","71.97870459343085"
"0.050500012610200505","28.101361712958486","-19.15802517027106","71.82772621271492"
"0.05050003047547692","27.550145143861624","-19.09632614651515","71.8159417397779"
"0.05050005842990158","32.81028106861945","-19.70158250700722","71.92890491153068"
"0.05050000471818426","35.19199943354345","-19.98367836138742","71.99662739194731"
"0.050500039379163","26.145673089599107","-18.941538818206","71.78780018889776"
"0.05050003413907886","29.50528618728109","-19.31728627723121","71.85708671694807"
"0.050500007796713264","40.0625002987109","-20.562940392458756","72.16517906141623"
"0.050500056074390884","28.718594090119193","-19.22768760358115","71.84096791919129"
"0.05050006900222701","23.105794512410284","-18.62061595036966","71.73384487997365"
"0.050500031481014944","37.08431062388572","-20.20903882423281","72.0613167364148"
"0.050500038466684126","29.86498191769271","-19.3585319462623","71.86445512540674"
"0.05050002469849988","26.878762531960298","-19.02187993029596","71.8022381689922"
"0.05050005225798208","28.231786352705996","-19.17269582000951","71.83054429773983"
"0.05050004604332111","32.31422220305813","-19.643248223644107","71.91761379612261"
"0.050500050925530025","37.85846373143946","-20.301248847115613","72.08807040710596"
"0.05050004504265291","22.6335850675928","-18.572762599020542","71.72722183658428"
"0.0505","28.972488986781666","-19.25650940995815","71.84621359577622"
"0.05050001773603024","24.13199880119108","-18.72656519631962","71.75027616711809"
"0.050500040486296936","27.025910231843397","-19.038127504447107","71.80519427474917"
"0.050500036401988455","24.735237336893064","-18.790026952160286","71.76106936581101"
"0.050499987561248565","32.67393902858127","-19.685531644008858","71.9257551072181"
"0.05050005043975896","25.26595190876421","-18.846539904420425","71.77099838737011"
"0.05050004875020433","32.26848010823953","-19.63787862474517","71.91659030872401"
"0.0505","38.88822893190461","-20.42372804311301","72.12384827324412"
"0.05050001887150204","35.574827101165454","-20.02922893956858","72.00961781901033"
"0.050500027436548064","38.19596187815319","-20.341419963471704","72.09978797268714"
"0.050500033239150706","35.05876944452211","-19.96783472307367","71.99213904071019"
"0.050500048433869626","27.25160873124738","-19.063124377184675","71.8097749869063"
"0.050500062134601335","21.315747381258067","-18.442426171343023","71.70992297503473"
"0.0505","20.329757801571137","-18.348207463326524","71.6942531256818"
"0.05050002353658406","31.41217958314878","-19.53768868450353","71.89744816471584"
"0.050500026371527285","24.83573660721033","-18.80068075931097","71.76292704453637"
"0.050500061962466876","23.91175901582211","-18.703608418252525","71.74655503057556"
"0.050500013341178804","36.44393810635566","-20.132737770873277","72.03932531417584"
"0.0505","37.55215720324079","-20.264773242626845","72.07746163241002"
"0.05050005621407982","38.553817316831314","-20.383984642685142","72.11224823755944"
"0.05050001597647145","26.545593027511238","-18.985240156967816","71.7956230388819"
"0.050500043030735776","20.83265371073677","-18.395896258575092","71.70298950819745"
"0.05050007519867961","22.01821629950584","-18.511297448740486","71.71909244280423"
"0.05050002181747532","39.01215155948645","-20.438445945646258","72.12810878272816"
"0.0505","29.956223814006783","-19.369020997549836","71.86633858362842"
"0.05050004096625478","29.61357590489592","-19.329685987748295","71.85929783489286"
"0.0505","33.33749510665834","-19.76377002352483","71.94159905509743"
"0.05050002781754744","26.619217898592876","-18.99331893841284","71.79707652145959"
"0.05050003829287126","25.50208542219354","-18.871881364319975","71.77546339874013"
"0.050500048590974775","35.90992750401548","-20.069125887982267","72.02101647552371"
"0.0505000243055728","33.821480035967554","-19.821006774967213","71.95419942514555"
"0.05050005457367582","28.391322172589962","-19.190677676643244","71.83398723150935"
"0.05050007663734539","31.14458457043449","-19.50651793502375","71.89155886068079"
"0.0505000127929269","36.450764171001836","-20.133551062306502","72.03956005752381"
"0.05050002010839362","30.13738209024885","-19.38987641050364","71.87009903321258"
"0.05050007626535344","21.46408484653351","-18.456851412384765","71.71190253069433"
"0.05050001901053147","26.633771557226126","-18.994917194362635","71.79736416111179"
"0.05050002457278612","37.33068884142425","-20.23839214415593","72.06980750075839"
"0.0505","23.822122555417245","-18.69429920938027","71.7450700293641"
"0.05050003929224149","22.956573608676727","-18.605431099983612","71.73168796774776"
"0.0505000506861962","34.96956675463449","-19.957229729122936","71.9891557971112"
"0.05050002779610796","32.925298073579995","-19.71513375365724","71.93159548478727"
"0.05050003495381589","35.272219139563795","-19.99322005069313","71.99934535527478"
"0.050500005962211415","32.15745522927836","-19.624852973894974","71.91411034452082"
"0.05050005111275582","25.86829281482605","-18.911413356107033","71.78244615535476"
"0.050500052008048","35.63749296375289","-20.03668812524988","72.01174473798301"
"0.05050000882671853","34.19230584907726","-19.864944646824537","71.96456470365992"
"0.05050001245883528","27.973221239009327","-19.14363762141286","71.82496230135344"
"0.050500075339040516","27.23236658076154","-19.060989499962204","71.80938258519687"
"0.05050007146648446","24.26480427020363","-18.74046346640684","71.75258480919192"
"0.050500034115732395","28.461244269417257","-19.198571421758622","71.8354915253954"
"0.05050002919290249","36.55824571284683","-20.146357069396753","72.04325569429002"
"0.05050002018993019","33.44130302581817","-19.776035126770086","71.94422433239835"
"0.05050000557976058","37.77326468330605","-20.29110488876731","72.08511749415379"
"0.050500026444576664","36.241912042190044","-20.10866886479017","72.03238217427287"
"0.05050000890890986","31.793977315023092","-19.58228027827746","71.90596097593976"
"0.050500030654092615","35.17965535683729","-19.982210017247972","71.99621060293185"
"0.05050002784549523","32.85181933643532","-19.706475619165463","71.92987223491565"
"0.05050003632886689","22.3556724839944","-18.544876019612985","71.72350898723683"
"0.05050003191782411","34.86145388547425","-19.944380237791353","71.98556849416461"
"0.050500015931429755","34.209213743553306","-19.86694949349335","71.96505624915967"
"0.05050002813346796","26.628767029878578","-18.994367515262187","71.7972653497945"
"0.0505000513228668","37.47362995906727","-20.255419438668138","72.07474630536093"
"0.05050002831207382","36.65495258146451","-20.157879829096387","72.04657407376355"
"0.05050002799881605","27.10709409841591","-19.047108521252554","71.80683478082571"
"0.05050003656560965","24.858372697914405","-18.803083416984638","71.76334744724936"
"0.05050005109226175","30.979221066006907","-19.487292081333024","71.88795656917534"
"0.05050006291985542","28.824139030927203","-19.239657306397078","71.84316120574209"
"0.05050004409410162","25.571175376529418","-18.8793182468509","71.77677408785037"
"0.05050004540571743","22.24909359752634","-18.534237054461784","71.72210587896228"
"0.05050000855243237","25.909426067444986","-18.915871239421648","71.78323558114828"
"0.0505000292903477","40.03720814914943","-20.559948533671193","72.16424275735073"
"0.050500004208273885","18.645167209551538","-18.194330821965014","71.66004294007708"
"0.050500007704688314","36.65445600184969","-20.15782082225783","72.04655663590233"
"0.050500041284080754","27.978311713660425","-19.144208452838253","71.82507251864537"
"0.050500047285628916","33.522835303154594","-19.78567267865067","71.94631540422468"
"0.050500025380762724","38.411209266716874","-20.367026497444638","72.10728018110234"
"0.0505000281968054","30.944257846994873","-19.48323087352856","71.88719889238668"
"0.050500052748959176","27.15675242432046","-19.0526075879088","71.80784259148892"
"0.050500018022793504","29.208904696778507","-19.283429324692502","71.8510454302723"
"0.05050000374475696","33.74717093674472","-19.8122106057014","71.95220242226281"
"0.05050004135340244","28.38070022834023","-19.189479310915942","71.83375808574085"
"0.050500028406307094","31.151065082856654","-19.507272335171102","71.89169969823641"
"0.05050002622110938","40.19890309120847","-20.579068817159975","72.17027747872356"
"0.05050004262288819","36.45894713102712","-20.134525785098397","72.03984206481402"
"0.050500027340695704","34.2889146518724","-19.876401880294804","71.96740181417043"
"0.05050002991092971","19.595861515918173","-18.280031747516713","71.67991159544735"
"0.05050000589027053","37.07674306458236","-20.208137373412345","72.06105585245426"
"0.050500037181808094","29.347858968627527","-19.299287771668116","71.85387766925217"
"0.05050003016535459","28.737406976682607","-19.229820154387333","71.84136017936271"
"0.050500020935305055","30.118626734171787","-19.38771536917333","71.86970858521978"
"0.05050000816304124","37.61611634109143","-20.27239079054187","72.07967567996229"
"0.05050000876318394","18.283700449493892","-18.162550302308176","71.65306707204707"
"0.05050004098909162","36.297003908268955","-20.115231920685314","72.0342745899311"
"0.05050004628426992","25.624500056438407","-18.88506499972043","71.7777876388177"
"0.05050000834253714","24.086832347824707","-18.721847927884838","71.74950324016262"
"0.05050004293697955","32.25320243126886","-19.636085625283577","71.91624869184679"
"0.05050003254544229","33.4476690335743","-19.77678740427078","71.94438688409618"
"0.05050003874134949","22.96101286317421","-18.6058820187435","71.73175097145884"
"0.050500028010287405","28.49357323478778","-19.202223652847195","71.83618564546323"
"0.050500034319578405","33.92968858156195","-19.833820965241955","71.95715156085818"
"0.05050001195626299","41.67726640446883","-20.753140840194025","72.23134507927318"
"0.05050001770309402","17.371178921212707","-18.084370807196333","71.63894573468356"
"0.0505","29.574382106865816","-19.325196618165116","71.85849631342211"
"0.050500030075922596","36.697486537863604","-20.16294786882972","72.04803287992074"
"0.050500022880850606","32.57811211135537","-19.67425782836756","71.92356628617354"
"0.05050004057900116","37.51472375229989","-20.260314308184732","72.07616729689886"
"0.05050001547654213","39.421967745384364","-20.48707779978427","72.1422635849073"
"0.050500035235039056","24.54465319571174","-18.769886299830947","71.75758516937563"
"0.050500019626789565","21.03746673543697","-18.41553865343733","71.70605222063632"
"0.0505","25.3990305270418","-18.860807409100836","71.77351241174804"
"0.05050003866002397","28.740947065385516","-19.23022140058098","71.84143414676672"
"0.05050002010009681","30.90434307578277","-19.47859594227648","71.88633652782826"
"0.050500044275035696","27.433712839179663","-19.08335869515413","71.81351899852048"
"0.05050002548242739","31.457879569574924","-19.543018943089606","71.89846104438335"
"0.05050003926275623","35.228044661052365","-19.987965364438487","71.99784796788705"
"0.05050000024453441","23.42603813691112","-18.653398108041042","71.73871686601964"
"0.050500042621735935","38.540085259240435","-20.382352037237194","72.11176967516556"
"0.050500039972255904","24.256272516541586","-18.739569566018034","71.75243436573557"
"0.05050001265158919","21.913431564438113","-18.500935665646892","71.71773369470264"
"0.05050002193460969","37.337886627485304","-20.2392496316533","72.0700559084742"
"0.05050002740510568","32.95478504315671","-19.718609298594714","71.93229122594225"
"0.05050002127885456","37.70103152368792","-20.282503311556344","72.08261636767902"
"0.050500015488960166","34.046581434157076","-19.847670346583264","71.96040402492316"
"0.050500032121328704","30.154463048323795","-19.391844794028408","71.870455116936"
"0.05050000211184917","28.115395348264617","-19.15960254107387","71.82802904931263"
"0.05050000415305985","26.226091113120134","-18.95030170520162","71.78936300920134"
"0.050500000174473425","24.96089315971161","-18.813980140460895","71.76525717207647"
"0.050500004907366766","21.854037045131108","-18.495075832556967","71.71696751243452"
"0.05050001135795243","36.23380401956872","-20.107703086325387","72.03210352117767"
"0.05050003054276146","31.654123870976356","-19.565930519226942","71.90283055559146"
"0.0505000246029627","33.77375922966077","-19.81535749553348","71.95291446522764"
"0.05050003015702216","38.80336093265742","-20.41364511789777","72.12092254207214"
"0.050500000087785886","27.35589335642695","-19.0747051282918","71.8119122037259"
"0.05050001456514348","21.96597130115333","-18.506127507076194","71.71841331874614"
"0.0505000112050441","29.472965962348944","-19.313588611845198","71.85642707731175"
"0.05050002467470941","38.223070922744895","-20.34464559026615","72.1007308521818"
"0.050500034440385116","26.880702118043896","-19.02209376371628","71.80227717552056"
"0.0505","27.920645639083236","-19.137742238469993","71.82383047437241"
"0.050499998514969544","30.86185356293546","-19.473663983003167","71.88542066098448"
"0.0505000103156937","30.121870928583384","-19.3880892237405","71.86977589749947"
"0.0505000270142877","35.06184839327749","-19.96820085542535","71.99224224423872"
"0.050500000068768536","25.111023801204226","-18.829978789986946","71.76807365617238"
"0.050500003431681546","25.907372056830717","-18.915648605811764","71.78319598868013"
"0.05050002363054271","28.621520584030456","-19.216693360001056","71.83891938776485"
"0.05050001036591014","31.006339139471315","-19.490443353251802","71.88854420449495"
"0.050500004339766924","19.278743262209144","-18.25111054603591","71.67323618781828"
"0.0505000270912144","24.030539118249813","-18.71597514404456","71.74854760154902"
"0.050500012898154","43.32639723210484","-20.945326247966047","72.30989657773571"
"0.050499999766990836","17.370290822501453","-18.084296312657337","71.63893590110531"
"0.05050002390281742","37.30746471763629","-20.235625445710415","72.06900597054903"
"0.050500019159962675","21.337989562420276","-18.444585385057426","71.71022182442071"
"0.05050002471739892","35.81679315500947","-20.058035499983284","72.01784061820952"
"0.050500002333919554","23.137642543418586","-18.62386483101595","71.73431543619814"
"0.05050001313386275","20.17462131591042","-18.333653674188565","71.69135298864255"
"0.05050001230268579","34.380178506389356","-19.887229213371324","71.9701634737142"
"0.05050001628969724","22.666810279411248","-18.57611061661348","71.72767181289869"
"0.05050001681276269","20.40590796365464","-18.355378605732803","71.6956490917108"
"0.05050002423383258","24.817197079275584","-18.798713729763787","71.76258330739026"
"0.05050001801542065","38.94079915507431","-20.42997223629609","72.12565649933748"
"0.050500028595472","37.14713123319063","-20.21652361959613","72.06347911553942"
"0.050500026003747","26.264489424953098","-18.954490039209624","71.79011176823964"
"0.050500015633987594","32.20067019141917","-19.629921897774423","71.91507492853941"
"0.05050000841899017","26.979056289794002","-19.03294997063939","71.80425001291941"
"0.05050002550570023","35.53318956154888","-20.02427300188501","72.00820600796727"
"0.05050000491437368","17.91297508596356","-18.130430086296847","71.64657450198992"
"0.05050002392749082","23.466795753027007","-18.657588706573982","71.73935553514086"
"0.05050002465383676","34.65631074288636","-19.92000909711091","71.97887117402594"
"0.05050001697507022","31.180119497221842","-19.510653520846446","71.89233569188013"
"0.050500017919756605","29.05253717805086","-19.26561534367232","71.84785312280235"
"0.05050002098695398","43.2069620941339","-20.931491143780168","72.3039645221682"
"0.05050002041282597","23.378790777377944","-18.648545123536437","71.7379821244928"
"0.05050002373933306","41.45049722222793","-20.72653641277707","72.22121095917062"
"0.0505","37.427254055182026","-20.249895661484846","72.07314219023924"
"0.05050000613899022","36.96327741835425","-20.194617984825477","72.05715461977927"
"0.0505000092970193","24.307000476222697","-18.74488864859382","71.75332722127945"
"0.050500018144543954","27.674130487681378","-19.110160194591145","71.81855870951203"
"0.05050002631569427","28.758176678374657","-19.232174938767038","71.84179265743074"
"0.050500022953493595","33.244656295847804","-19.752806147718868","71.93928712157667"
"0.05050000902816981","29.946078960464398","-19.36785420945554","71.86612894351164"
"0.05050002281015283","25.47692957938877","-18.869176169875907","71.77498657465556"
"0.050500020869633434","23.10171167149042","-18.620200062850905","71.73378370404316"
"0.0505000245884167","33.03582959145275","-19.728164814739092","71.93421683720612"
"0.050500024511315716","34.878099723681025","-19.946358471132363","71.98611832103157"
"0.050500016599245454","35.80820886000766","-20.05701340336928","72.01754808923627"
"0.05050000927594044","27.796277031437064","-19.1238143187261","71.82116251432346"
"0.050500025550404885","36.70531179016473","-20.16388031103203","72.04830116878689"
"0.0505","43.53696872237221","-20.9696836127737","72.32046534724094"
"0.05050001459798428","43.05676151385827","-20.9140725495948","72.29656248264419"
"0.05050001898515316","40.62803272548089","-20.6297419490034","72.18681510448272"
"0.05050001042711963","33.71889738111808","-19.808864442441326","71.95144912602669"
"0.050500009313450604","39.016606144177516","-20.438975005954052","72.12826162768002"
"0.050500014492743314","20.643132007224093","-18.377833425671053","71.6998528929312"
"0.05050001737583765","31.050639183135743","-19.495592342397256","71.88950755302758"
"0.050500014302305773","19.929971758981956","-18.31085648177713","71.6866407776773"
"0.0505000148927636","30.06020728516226","-19.380986921723927","71.86849401422364"
"0.05050001239040118","21.91135545380503","-18.500730670184353","71.71770688941582"
"0.050500013495531196","31.609152713386347","-19.56067707608137","71.90182624095704"
"0.05050001704451707","35.15194442516586","-19.978914481119702","71.99527449582591"
"0.05050002183082762","41.776293806006144","-20.7647462992862","72.23583387991906"
"0.050500014569618064","33.74300241276107","-19.811717159338272","71.95209133963188"
"0.05050001834770482","27.90607246336714","-19.136108757905895","71.82351750983771"
"0.05050000880548335","25.91246116527094","-18.916200283562063","71.78329394757075"
"0.050500006152049026","18.566926156088755","-18.187413507182654","71.65848260620865"
"0.05050001539252236","20.7957078794249","-18.392366664609238","71.70240184737254"
"0.050500025679538194","37.714280205246475","-20.284080977919224","72.08307520542205"
"0.050500009906633524","27.745536300202723","-19.118139278138948","71.82007845100505"
"0.0505000146311785","41.11758453764807","-20.687411680420674","72.20676706890602"
"0.05050002485158897","39.60822684609684","-20.50915752095533","72.14878989494194"
"0.05050002699313864","35.66612746118335","-20.040097094804004","72.01271648729467"
"0.0505000064816861","42.54182699239745","-20.85419455412229","72.27160659753136"
"0.050500009873347386","25.677601636136423","-18.890793885962264","71.77879803985161"
"0.05050002276007509","36.69861599536465","-20.16308250515199","72.04807147193851"
"0.05050000820735871","28.318974269052582","-19.182518520633835","71.83242614817985"
"0.05050001200972027","32.51922075502678","-19.667333033000464","71.92222877425367"
"0.050500018139136585","31.01306979211295","-19.491225473676895","71.8886905477899"
"0.05050001293181097","22.649958668902933","-18.57441228953826","71.72744302711605"
"0.050500027252953515","29.30435491420843","-19.2943199708616","71.8529910331154"
"0.05050000729584233","26.268017027385312","-18.95487511721","71.79018020803274"
"0.0505","39.95264833703087","-20.549944176368278","72.16113139282892"
"0.05050002472991904","34.05338760171034","-19.84847685979959","71.96059580072014"
"0.0505000012094024","33.63103527308405","-19.798468989093926","71.94912886936785"
"0.05050002100785504","26.68500832897598","-19.000546845253467","71.79837893053949"
"0.05050000052646061","18.913479917163105","-18.21821121993674","71.66554371196875"
"0.05050000451368532","17.62811789571451","-18.10608165327926","71.64219109563456"
"0.0505","25.238519357365394","-18.843604013814428","71.77047886137217"
"0.050500020646799065","41.98869390794791","-20.789612599546068","72.2455777730242"
"0.050499999904820854","16.634853863904052","-18.023501575633304","71.63340144346145"
"0.05050001312939904","37.294499393117476","-20.23408094322444","72.06855839859816"
"0.05050001535998085","39.35609650163277","-20.479265595214237","72.13997317683196"
"0.05050000006497434","19.615086880309995","-18.28179590314569","71.68031020702159"
"0.050500015751824244","26.121878417330038","-18.938948699125095","71.78733807499039"
"0.05050002104535688","36.23280292661145","-20.107583751995985","72.03206934568192"
"0.050500017291400946","33.60922708148894","-19.79588925425395","71.94855819587066"
"0.05050000809366053","27.31018525912184","-19.069627021999356","71.81097334876905"
"0.050500010976792034","21.49269091946182","-18.45964109286819","71.71227832129956"
"0.05050000569069675","25.208334447519537","-18.840374977504734","71.76990872102319"
"0.05050000598250774","27.983761795495077","-19.14482015910279","71.82518924320871"
"0.050500004678968737","30.913826377474475","-19.479697131080975","71.88654086536113"
"0.050500015005945836","31.960250432714105","-19.601741051813928","71.90969491371028"
"0.0505","38.422872345166404","-20.368413835996645","72.10768590837677"
"0.05050000215535504","39.342103683383066","-20.47760594341939","72.13948736796264"
"0.05050001656827753","26.41630944487977","-18.97107883646984","71.79308137307991"
"0.0505000125202681","30.305012296052002","-19.40920986980262","71.87360141668155"
"0.050500014404528934","27.027919871173673","-19.03834987381912","71.80523429150938"
"0.05050001624116059","29.99762791678617","-19.373783912983495","71.86719604182528"
"0.05050002293006","34.42419310684615","-19.89245211724441","71.9715213736042"
"0.050500005205156004","36.939779643989915","-20.19181818636004","72.05634731139772"
"0.050500015416348416","31.566216604668384","-19.555662969378446","71.90086916050339"
"0.05050000740255401","23.41308659713873","-18.65206722680337","71.73851498295905"
"0.05050002279116903","38.49300962525654","-20.37675458988876","72.1101294814785"
"0.0505000019351254","22.883269601888525","-18.597993006193448","71.73065424019188"
"0.050500001417203455","18.18621033419163","-18.154056741031358","71.65128813070987"
"0.0505000064135485","42.53285845113458","-20.85314952423739","72.27117777912203"
"0.05050001990847755","25.848906370618085","-18.909313897927355","71.78207353128529"
"0.050500013999853384","29.70031007812905","-19.339628776659364","71.86107178737791"
"0.05050000437880388","28.082500025610457","-19.1559057954408","71.82731883096746"
"0.05050000050952437","30.453114101693764","-19.42631851957459","71.87671560900604"
"0.05050000631508322","40.413632434262944","-20.604438280644594","72.1784562108974"
"0.05050001611798449","31.302872441466395","-19.52494775778886","71.89503333758168"
"0.05049999999328163","37.84713342730183","-20.299900266331537","72.08767669908516"
"0.05050001144428082","39.02216498614488","-20.43963506564248","72.1284527175438"
"0.050500004489728606","21.247621954749853","-18.435823140186418","71.70899641053973"
"0.05050002022361025","33.281856903321355","-19.75719869748278","71.9402095878449"
"0.05050001558673546","27.563487539262177","-19.097813716379378","71.8162211539667"
"0.05050000400197495","24.744963340416327","-18.791057236351687","71.76124795525158"
"0.0505","35.32030115809893","-19.99894036422301","72.0009770567465"
"0.05050000389829142","44.10941220476634","-21.03566609327617","72.34943221230695"
"0.0505000071768834","32.181385297907376","-19.62765970812592","71.91464435009777"
"0.05050000433396157","33.138647428539514","-19.740293864238783","71.93669074447021"
"0.05050001639500039","22.51937965594235","-18.56127788260444","71.72568455469697"
"0.050500007457714234","34.44022608006058","-19.894354986724874","71.97201894353175"
"0.05050000654874479","20.52180113025897","-18.366327101336083","71.69773248294197"
"0.05050002238485011","41.86982344870317","-20.775700497884127","72.24010566649235"
"0.0505000199727061","31.1094201313361","-19.502427616786505","71.89078920833212"
"0.050500020487233996","37.62704772816805","-20.273692579818785","72.08005440885059"
"0.05050000007390934","34.02411513278853","-19.84500818797698","71.95977306484077"
"0.05050000036204995","42.6406587736516","-20.865705902382665","72.27634560765537"
"0.05050000598090486","29.265683698439652","-19.289906302398837","71.85220257752846"
"0.05050000330614033","28.364959204013683","-19.18770387233077","71.83341802344738"
"0.05050000123264137","32.69692017118146","-19.68823615018986","71.92628317811126"
"0.050500022532602995","35.16291351290493","-19.98021895883367","71.99564488497462"
"0.05049999933687758","16.53125479600299","-18.015100665018366","71.63289040901279"
"0.0505","25.916147527236035","-18.9166000270022","71.78336466932492"
"0.05050002116370485","39.32064781720036","-20.475060649990432","72.13874385994187"
"0.05050002046182317","27.24931513321833","-19.06287010915983","71.80972757878004"
"0.0505000022737379","30.051452369904567","-19.37997902357944","71.86831199427645"
"0.0505","35.03676410331853","-19.965218653850787","71.99140055141194"
"0.05050000060289735","39.6699548104362","-20.516471715179332","72.15097156144574"
"0.05050002115088719","36.96424381258715","-20.194733014154043","72.05718812158386"
"0.05050000026963059","25.13136982647707","-18.832150761926837","71.7684568043466"
"0.05050000552655321","38.90736148837972","-20.426000691780033","72.1245065657359"
"0.05050001680951249","27.10536209812598","-19.04691688071778","71.80679947989441"
"0.0505","43.769907627551376","-20.99657517533463","72.3322400512124"
"0.050500006454801454","18.47133026894034","-18.178990470012835","71.65661489302953"
"0.050500001870951154","27.66349941872068","-19.108973113620795","71.81833275961418"
"0.05050000502197094","30.627438457849138","-19.446488348022864","71.88040746526384"
"0.05049999995160181","31.416206201389986","-19.538158435313797","71.89753686761915"
"0.05050000524237932","19.602832080988154","-18.280671342605213","71.68005597330196"
"0.05050001066733693","35.59371904711193","-20.031477726978874","72.01025847896884"
"0.05050000366214091","28.39394388697122","-19.19097389721998","71.83404271796931"
"0.05050000065511667","39.58124076664958","-20.505959647224334","72.14783871096324"
"0.05050000901374272","36.59732430033871","-20.15101345875935","72.04459680659747"
"0.05050001795337533","33.682543754992004","-19.80456264562387","71.95048546556184"
"0.05050000082970803","37.730567224449615","-20.286020654194495","72.08363869086986"
"0.050500009764719224","21.730558078077433","-18.482925196249482","71.71537500371163"
"0.05050000268484636","34.28375620805448","-19.875790199897505","71.96724791983827"
"0.050500006947372895","32.705870180807395","-19.68928952099146","71.92648914456291"
"0.05050000193634661","36.310539391929005","-20.116844767881098","72.03473888554245"
"0.05050000628535974","26.790362155069168","-19.01213819568148","71.8004726340692"
"0.0505","30.652228918594446","-19.44935948416714","71.88093478310441"
"0.050500001793412796","29.2220936374465","-19.284933539342212","71.85131400699572"
"0.05050000970303493","38.7744604098449","-20.41021122489859","72.11992095421311"
"0.05050000529851116","32.32539215848886","-19.64456001178263","71.91786321546773"
"0.05050000374682773","32.73780004281837","-19.69304815678744","71.92722489974177"
"0.05050000485568834","18.673943683762854","-18.19688023108583","71.66062280636748"
"0.05050000142192729","26.338422109501217","-18.962562941095992","71.79155534390527"
"0.05050000650822255","35.60862332079113","-20.033251878476143","72.01076406218179"
"0.050499999972096365","20.409210216860615","-18.355690118936348","71.69570883136029"
"0.050500001535391345","36.86013049292785","-20.182327771408293","72.05361222188459"
"0.05050001254370457","38.157260938174296","-20.336814904033044","72.09844194897828"
"0.050500000666055825","20.717182898784536","-18.384878231954282","71.70110923901147"
"0.05049999994988021","39.82928245332982","-20.53534178543287","72.1566590824322"
"0.050500000058856805","31.55848727506068","-19.554760636704337","71.90069671408179"
"0.05050000029057136","28.19938633624502","-19.169049152330658","71.82984333317187"
"0.05050000552112028","28.595904192408828","-19.213794544205967","71.8383739114945"
"0.05050000023393443","41.36380585070333","-20.716356001527743","72.21739463281186"
"0.050500000684242305","39.42849835561784","-20.487852334865575","72.14249081464291"
"0.05050000103450623","22.95874354067319","-18.60565178796815","71.73171801539034"
"0.0505","29.81258647682227","-19.35251381629103","71.86337543602907"
"0.05050000558095428","35.06242580945665","-19.968269677397","71.99226120252757"
"0.05050000832102428","25.329062624049996","-18.853301483877562","71.7721905700998"
"0.05050001467267308","37.02130835597209","-20.2015323434583","72.05914939489249"
"0.05050000764679397","34.471977598813325","-19.89812347577525","71.97300975636087"
"0.05050000657611961","30.147308725916478","-19.391020455441662","71.87030554176266"
"0.0505000006719298","42.670878992569094","-20.869224005873097","72.27779964504461"
"0.05050000583259599","35.673161011184966","-20.040934588777656","72.01295495683145"
"0.050500000219205","40.59215288873912","-20.62550943800747","72.18540195714255"
"0.050500019863304255","38.20208094879425","-20.342148123942575","72.10000064276306"
"0.05050001912053538","44.05319534511033","-21.02920172271606","72.34658977820484"
"0.05050000122130792","27.69230372734205","-19.112190225080724","71.81894450036735"
"0.05050000127675542","24.021296437570122","-18.715011843453585","71.74839085093166"
"0.05050000068992424","19.489916320619223","-18.270333030872987","71.67769552090485"
"0.050500004190424774","33.2382659157506","-19.75205182423129","71.93912884168105"
"0.0505","42.18868362259765","-20.812992731473166","72.25488558025742"
"0.05050000990242349","28.464155783334366","-19.19890045290122","71.8355536168929"
"0.05050000426448454","26.449538853983256","-18.974715715067134","71.79373331947413"
"0.05050000052949276","17.895892730907036","-18.128961801021514","71.64629467305754"
"0.0505000011415445","36.95458482364256","-20.193582286240737","72.0568558547794"
"0.0505000029652616","27.662190177644433","-19.108826911441252","71.8183050069269"
"0.05050000294707604","38.578120773616185","-20.3868745598638","72.11309360696018"
"0.05050000089192104","30.611978194308982","-19.4446982008174","71.88007878097802"
"0.05050000066439068","39.06607836652442","-20.444849182882198","72.12996204555706"
"0.05050000825339256","23.236259281024985","-18.633939848858034","71.73579637974306"
"0.05050000689038225","34.08776188397772","-19.852550961475966","71.96156699723538"
"0.05050000067428035","20.14451487674845","-18.33083815424746","71.69078167750328"
"0.050499999889682866","37.08627216426928","-20.209272784140435","72.0613836086392"
"0.0505","22.02027708519735","-18.511502106966688","71.71911774762259"
"0.05050000338493698","40.395556710466764","-20.60230374779293","72.17776037416473"
"0.05050000660910463","39.60956757913273","-20.509316544643433","72.14883681747219"
"0.05049999992418164","28.375845579350738","-19.188931937726423","71.83365264168269"
"0.05050000552413646","31.839451274818508","-19.58760022473784","71.90698122690017"
"0.05049999995194328","17.772758935908886","-18.118408641261208","71.64433809058158"
"0.05050000925177376","32.512771734300124","-19.666574889592212","71.92208262693308"
"0.05050000617250746","26.881141929439103","-19.022142483152052","71.80228542473304"
"0.050500001125583824","25.510502023500273","-18.872787080395177","71.77562218140366"
"0.05050000495016885","34.52334964519068","-19.904221542605892","71.97462541201956"
"0.05050001347262325","36.218781482495274","-20.105913473315077","72.03158790860205"
"0.05050000537263484","33.09457843997062","-19.735094420926696","71.93562564091378"
"0.05050000199781382","24.86969324153721","-18.804285738116313","71.76355714726027"
"0.0505000011072182","37.79122371192022","-20.293243337309086","72.08573948959999"
"0.05050000217885339","42.28071446752667","-20.82374045164434","72.25920964227589"
"0.05050000749933204","29.236730485167243","-19.286602989404113","71.85161249305393"
"0.050499999969039325","27.744876575932018","-19.118065595750277","71.82006418197103"
"0.050500023128371416","30.686192350540804","-19.453293871171795","71.88165882654724"
"0.05050000194794865","30.24770113664949","-19.402596295314744","71.87240111623898"
"0.05050000845210366","35.1771240944215","-19.981909140614757","71.99612462657518"
"0.050500004896854335","29.44250279547119","-19.310104563624552","71.85580585206192"
"0.05050000532631971","37.69938442397304","-20.28230729289738","72.08255902024108"
"0.05050001264857159","33.92067489911398","-19.83275348985407","71.95690314304318"
"0.05050000597968047","20.979365536887205","-18.409953901859275","71.70520723357448"
"0.05050000106160724","42.433638258544896","-20.84158351273143","72.2664476664124"
"0.05050000706893753","33.94125030665117","-19.83519068876693","71.95746969748151"
"0.050500000957694476","43.8453618713815","-21.005273756983115","72.33606256180572"
"0.050500004308939916","19.823995797693843","-18.301040464610832","71.68454886314727"
"0.050500005106257906","35.57124979756732","-20.028803246388296","72.00949622009193"
"0.05050000576692347","22.671201608956444","-18.576553389474732","71.72773128183637"
"0.050499999760675554","33.16477905822533","-19.74337760378926","71.93732581452896"
"0.050500005499754086","31.217230599505495","-19.514973508234334","71.89314940407957"
"0.050500000843226714","44.55","-21.086206023079527","72.37142450369562"
"0.05050000652961661","30.265413857485747","-19.404639878732656","71.87277181449942"
"0.0505000000610653","23.136143672962454","-18.62371191005821","71.73429310877555"
"0.05050000456142693","32.31029223072591","-19.642787146971365","71.91752497435179"
"0.0505","26.1904223236835","-18.9464135698476","71.78866882115472"
"0.05050000489539145","38.98304393538628","-20.43498950763722","72.1271081426433"
"0.05050000020982173","31.850259239031864","-19.588864939940233","71.90722375222822"
"0.050500008157952796","39.88257025068225","-20.541650144585503","72.15858226800968"
"0.050500005182682266","21.712501006992127","-18.4811520008996","71.7151415682475"
"0.050500005308056276","41.82302730435827","-20.77022072476456","72.23796418115364"
"0.05050000198939214","40.8327061289958","-20.653871658909384","72.19498965049662"
"0.05050000114012129","35.88313861403274","-20.065936060398283","72.02010155045181"
"0.05050000357235346","23.863737155525733","-18.698618862027235","71.74575682858318"
"0.05050000448680561","19.460875970391662","-18.267680856541666","71.67708479290573"
"0.050500005971284616","17.52999916282242","-18.09776252074746","71.64084638428267"
"0.05050000421582587","31.93068286635169","-19.598278746579425","71.9090303271322"
"0.05050000006823968","33.197363277606506","-19.7472233628496","71.93812210432817"
"0.0505","37.67651350105832","-20.279583714271087","72.08176693627874"
"0.05050000006345739","34.451477156334505","-19.89569035349954","71.97236917115754"
"0.0505","36.75962179772102","-20.1703517616713","72.05016344183127"
"0.050500014437232676","40.29666522172662","-20.590622284532483","72.17397778084977"
"0.05049999966329547","43.248287253084456","-20.936279901812053","72.30601127734185"
"0.05050000214565651","35.96235656812474","-20.07537016215527","72.0228058160514"
"0.05050000499942024","15.097348555855593","-17.90310595599569","71.62925820266639"
"0.05050001053136735","39.09638276975201","-20.448446864791524","72.13100446406656"
"0.05050000097579904","33.32446857956055","-19.76223134418948","71.94127259441048"
"0.0505000050293113","30.063544883263106","-19.38137129542557","71.86856313300977"
"0.05050000658066253","23.534533979412835","-18.664563013341915","71.7404239687732"
"0.0505000000610653","22.445942473585813","-18.553911408390498","71.72470465065896"
"0.05050000969552478","38.46386020897152","-20.373288322458485","72.10911382006823"
"0.0505000054802575","26.198802780513283","-18.947326836272378","71.78883192080636"
"0.05050000186697784","26.735282918050107","-19.00607571953977","71.79937652163156"
"0.050500000080041685","27.92969863706858","-19.13875705987317","71.82402519286681"
"0.05050000088812422","17.990530561460677","-18.137109468472723","71.64786801670131"
"0.050500010541602455","38.06841886345525","-20.326241985244973","72.0953545673736"
"0.050500000887928186","37.175401692424266","-20.21989205169799","72.06445226761278"
"0.05050000136146334","30.91786704251396","-19.480166331766622","71.88662803118633"
"0.050500007558342185","31.99304952204379","-19.605582791382584","71.91043163997594"
"0.0505","43.61902777599652","-20.97916332665836","72.32460670153752"
"0.05050000178710973","24.837398189217474","-18.800857275356336","71.76295738773985"
"0.05050000776449661","40.28685644469265","-20.589463391892114","72.17360461504488"
"0.05050000462650549","31.764839268155956","-19.578872468664837","71.90530763348261"
"0.0505000021885403","33.57099344993465","-19.79136749758044","71.94756143717431"
"0.05050000736597762","30.598723164419674","-19.44316353308764","71.87979736573764"
"0.0505","29.05507267191646","-19.265904060014634","71.84790462308585"
"0.05050000383595206","22.703909915322818","-18.579852377024146","71.72817669776784"
"0.0505","32.65187228826853","-19.682934911624997","71.92524957274344"
"0.05050000281765018","41.13022577721697","-20.68889882729801","72.20730372107639"
"0.050500001602524124","36.501406936914705","-20.139585029871082","72.04130140787639"
"0.050500009836449235","27.51458181444482","-19.092363062961134","71.81519822142184"
"0.05050000175944604","37.85493621865543","-20.300829252894033","72.08794717022907"
"0.05050000114929542","44.84406325758307","-21.119813703229898","72.38570300265974"
"0.050500001573169154","24.700294121288735","-18.786328283989743","71.76042585229153"
"0.050500002756370815","35.14015674050103","-19.977512756674603","71.99487654512139"
"0.050500004828077344","28.481126528721287","-19.200817543612608","71.8359180361532"
"0.05050000511716945","19.80115925099448","-18.298929919812235","71.68409387044314"
"0.0505","29.894158218615623","-19.361885086107158","71.86505617620104"
"0.05050000130639293","43.922162144423545","-21.014121285795245","72.33995407570517"
"0.05050000495359556","27.559623760396683","-19.09738301829161","71.81613988044496"
"0.05050000551656586","41.37647878939552","-20.717844545804464","72.21795037739783"
"0.05050000794710614","24.446219732583074","-18.759516759773085","71.75580816178999"
"0.050500003987263196","33.98271524159696","-19.84010286834122","71.95861793900734"
"0.05050000545844568","31.84265006103368","-19.587974514636464","71.90705303103701"
"0.050500001501288354","26.00378362913189","-18.926109646572232","71.78505312822912"
"0.05050000786343535","36.98608093235049","-20.197335039110634","72.05793828801599"
"0.0505","37.443892065897","-20.251877566955113","72.0737172275023"
"0.050500007108073904","19.979927510467764","-18.315496148663215","71.68761593843269"
"0.050500004666547894","17.242009560945185","-18.07354744089128","71.63766126200306"
"0.05050000419034851","33.3004279583106","-19.759391952269848","71.9406718516082"
"0.05050000337479297","42.496684103508514","-20.8489337254744","72.26945022063116"
"0.05050000466325211","26.195185567071853","-18.94693261912456","71.78876154648448"
"0.050500004252531996","40.10157018855474","-20.567561149375468","72.16663135567633"
"0.0505000028614294","23.174529672770692","-18.627630439789314","71.7348660378798"
"0.05050000834118729","37.782436714448195","-20.292197003583674","72.08543524896783"
"0.05050000270144556","40.09990726220313","-20.567364506748778","72.1665693775354"
"0.050500004168580685","34.8034257482341","-19.937485171835775","71.98365784517678"
"0.05050000128695442","35.87508475005263","-20.064976972950593","72.019826869066"
"0.05050000495402344","15.79088454519629","-17.956264632148653","71.63050623048188"
"0.05050000317936349","35.49101211622287","-20.019253408740493","72.00677558726842"
"0.050500005013069144","34.18651050660802","-19.86425750685627","71.96439664388545"
"0.05050000610602802","21.1247073853281","-18.423943438314197","71.7072930986912"
"0.050500007861870276","22.918458608967516","-18.60156194080427","71.73114852692709"
"0.05050000481001194","32.65463548257077","-19.683260005324975","71.92531294682996"
"0.05050000504075918","36.95788379903575","-20.193975334521795","72.05696927694848"
"0.05050000451809885","43.30364542231342","-20.942691896703806","72.30876220910905"
"0.050500004278357","26.298796805473458","-18.958234903521937","71.7907809150735"
"0.05050000170208751","24.280155840830446","-18.742073279063593","71.75285349433109"
"0.0505000026708946","39.38892830126228","-20.483159714507764","72.1411135199544"
"0.050500000919408115","23.214011114846407","-18.631664771550685","71.73545975076657"
"0.05050000448183585","36.34049573648776","-20.120413628845448","72.03576843412311"
"0.05050000425339558","37.63573195289968","-20.274726953947063","72.08035478639202"
"0.05050000549853421","31.42728628220603","-19.53945059024684","71.89778240976354"
"0.0505000054433196","35.255455603237856","-19.991226160868845","71.99877621875636"
"0.050500004567844425","19.15575796696041","-18.239983462991646","71.67063367669824"
"0.05050000465154814","43.93055000438446","-21.01508717235248","72.34037912147546"
"0.05050000607664575","21.12990200125921","-18.42444459522833","71.70736608451779"
"0.05050000442050374","25.159041078774177","-18.835106132835044","71.76897843830581"
"0.05050000479139311","32.43097384760403","-19.656961287599373","71.92023499884118"
"0.050500007149715614","34.300513883748636","-19.877777931045834","71.96774733824708"
"0.050500005320318404","39.379326220367375","-20.48202088464003","72.14077979157751"
"0.05050000415249013","23.377745211100933","-18.648437917059926","71.73796559654302"
"0.05050000477513402","29.594088485959155","-19.327453712935597","71.85889892531543"
"0.0505000054623322","20.974369597146413","-18.409474152278847","71.7051338230765"
"0.05050000503943543","19.262795585783053","-18.249664843984483","71.67289855961297"
"0.05050000493892524","21.18938802922043","-18.43018927584319","71.70819531303827"
"0.050500004762766844","18.7988344716079","-18.207977549699784","71.6631699322251"
"0.05050000419549814","40.47954981872799","-20.612220848256275","72.18100503914242"
"0.0505000043180671","42.23196217476077","-20.818047834764535","72.25691600911378"
"0.05050000875485386","27.221800332566517","-19.05981809110256","71.80916571938468"
"0.05050000429172773","38.62359378357874","-20.39228047535174","72.11467692811688"
"0.05050000616977743","28.230497134589555","-19.17255102007066","71.8305155456366"
"0.05050000503017621","32.86852638050562","-19.70844409072553","71.93026233747663"
"0.050500005769843814","30.184967369524756","-19.395361303122037","71.87109068007321"
"0.05050000483192475","21.882639076028713","-18.497896483057232","71.71733626292321"
"0.050500004387026426","18.68403834795829","-18.19777522966727","71.66082688788354"
"0.050500004638169865","23.95976489915967","-18.70860275610363","71.74735570850177"
"0.05050000449106269","44.25441462802118","-21.052323473279518","72.35674349046559"
"0.05050000410997941","40.72233040681771","-20.640862371307925","72.1905559626741"
"0.050500004645073406","42.19581995194451","-20.81382635957543","72.25522008000553"
"0.05050000521383662","26.83432329979416","-19.01698099517397","71.80134947235798"
"0.0505000035529002","42.667121174159576","-20.868786558996444","72.27761877260095"
"0.05050000474123388","39.696321229616316","-20.519595238518537","72.15190710169396"
"0.05050000460556079","37.34628756179282","-20.240250558989068","72.07034558624602"
"0.05050000438184601","31.606193134403888","-19.560331470915887","71.90176004246855"
"0.05050000415805459","16.699144504173056","-18.02873537718574","71.6337454840851"
"0.05050000432715471","33.28401914412805","-19.757454157665997","71.9402630647744"
"0.050500004807445945","24.84169831034236","-18.801313621878137","71.76303723313613"
"0.05050000432082013","34.27606922398754","-19.874878411483795","71.96701980426784"
"0.05050000513244065","36.08864973184973","-20.09041225122188","72.02712600310517"
"0.05050000537065913","35.05361535417764","-19.96722213136707","71.99196557580214"
"0.050500005535297716","30.80094951440894","-19.46659763053195","71.88411243517685"
"0.05050000549042443","38.60388618625437","-20.389937661285988","72.11399084521888"
"0.0505","28.2175725626242","-19.171096058395285","71.83023621785466"
"0.0505","29.745854889201862","-19.344853701945112","71.86200500145223"
"0.050500004905734336","28.42745850431356","-19.19475659203982","71.83476437663295"
"0.050500005050418885","37.36838509674166","-20.242882970319634","72.07110859864827"
"0.050500005463221836","32.17117589771651","-19.6264622093615","71.91441649226913"
"0.05050000542931823","19.57503527991833","-18.27812246602472","71.6794775461029"
"0.05050000535739461","20.834088549227978","-18.396033703979466","71.70301124176248"
"0.050500004178461094","18.41747373928743","-18.1742590546351","71.6555804504788"
"0.05050000487821038","22.959511232470497","-18.605729737861928","71.73172898843674"
"0.05050000550540749","25.442891532689796","-18.865517907000495","71.77434196730069"
"0.050500005648739715","27.615969379363563","-19.10366758736248","71.81732650197267"
"0.05050000488875492","23.311661562138863","-18.64166000972365","71.73694628432916"
"0.05050000488684394","24.615402821022105","-18.777353589541377","71.75887153601003"
"0.05050000549123353","38.69676012782554","-20.40097731889099","72.11722255023786"
"0.050500005507632145","26.448079163652604","-18.974555905582342","71.79370468145405"
"0.050500004996943654","28.733607891741215","-19.229389695587518","71.84128044989191"
"0.0505000057084707","29.624268996676776","-19.33091150884452","71.85951571358825"
"0.050500004503494095","38.04668407931209","-20.323655156631627","72.09459956914263"
"0.050500004640328874","18.2121864037332","-18.15631657144619","71.65175757728625"
"0.0505","14.236593333347646","-17.839847309905274","71.6273473964916"
"0.050500005253971046","40.724794766671","-20.641152904286006","72.19065431822355"
"0.0505","31.802378654089672","-19.583263067034313","71.90614923455425"
"0.050500005006824916","42.982639025538234","-20.905468690550027","72.2929303424683"
"0.050500005461593535","21.50550241902231","-18.460891069090124","71.71244667712062"
"0.05050000521948144","22.517569015356035","-18.56109616269862","71.72566010907491"
"0.050500004978123514","39.9297994231668","-20.547240166685114","72.16029725982469"
"0.0505000048986925","27.18920173927652","-19.056203822817025","71.80850148064495"
"0.05050000529618656","28.68339784540199","-19.223700065377738","71.84022882719022"
"0.05050000509151526","19.996923350009705","-18.317076452773815","71.68794618957695"
"0.050500004906880676","41.615164992713005","-20.745859066566396","72.22854894751002"
