"13.182382396106206","-3.02566594206699","-15.801481049962387","78.62032253112334"
"38.74565824510137","-0.6987051486937199","-18.20935819638527","79.29127442899474"
"11.515826299921102","-2.0985105644936395","-15.705881898307709","78.59557018036888"
"5.464100972542255","-1.3060045397443085","-15.460923161986507","78.54385867307552"
"15.494695829499314","4.0584653454657","-15.952204785904465","78.66367506085415"
"4.29857170976009","-2.7548399307995943","-15.43316151997617","78.53678980284793"
"39.152518086127145","-0.9018085362940891","-18.253958581348893","79.30935993482082"
"6.064669408193218","0.13962519674776797","-15.477759431153927","78.54832069090511"
"10.461759751958873","-2.8364329260333356","-15.651534208316058","78.58486459228395"
"18.569572893627647","-3.497460955244417","-16.182184735207365","78.71146691619047"
"44.811442068842716","-0.6748776281372884","-18.865402708475635","79.63206425410391"
"40.99208604951319","2.189586468251693","-18.45494914037946","79.39722739106499"
"3.6120613902204397","1.1798368672853146","-15.419861983532108","78.53336157648253"
"7.639117651626833","-3.0651283024642133","-15.529907987548453","78.55935943824372"
"21.43230439396705","-2.2348899190131357","-16.423345605510452","78.76322562536578"
"34.86535215043907","4.670099106497755","-17.783986794386","79.13391137250771"
"35.48000647255196","-2.287396581183194","-17.85118383550703","79.15613544224439"
"8.607676165345545","-4.00012160719861","-15.567634062786812","78.56714520385835"
"12.562666195366731","-4.69395836294694","-15.764557810724902","78.60753705947168"
"26.664595189596415","-1.8458658026731847","-16.918207416470956","78.87951269170567"
"24.43087057635062","2.960305043611573","-16.699421393718186","78.82681983695136"
"22.659755357379932","-2.508788508619845","-16.53368291449007","78.78800223301442"
"13.406108542084102","3.672339295825182","-15.81513558897106","78.6255941853426"
"26.159089093184555","-1.723887154448028","-16.8678416863793","78.86688784844108"
"18.167888501956003","-1.7858174527329638","-16.150324728578166","78.7044042837232"
"21.2269824193656","-2.5752560548533987","-16.405270819019822","78.75931316248837"
"31.925180410412818","2.7410633041802743","-17.46551656495419","79.03175333385039"
"24.38273273059511","-1.5938733198975452","-16.69485376561057","78.82534311282322"
"41.00831191786485","0.5839723879212726","-18.45671799149355","79.39769631320209"
"18.051688283469957","-1.9882445221666316","-16.141210110150624","78.70249226622207"
"15.518057909593796","-1.045994642795716","-15.953892220659835","78.66434951697582"
"23.41701813223954","-1.4047362362150486","-16.6036399024307","78.80398534097385"
"19.505295077911313","-0.8854334792808656","-16.258328469126855","78.7275782117245"
"14.527434163800573","-1.6671055725614055","-15.886866436162771","78.65086902342347"
"22.60279796489182","-2.240030800053488","-16.52847733171143","78.78674561444676"
"30.218354743039058","-0.15997864836178177","-17.284012395144888","78.97784453362239"
"20.44403518728122","-4.098991275758384","-16.33741041857641","78.74465416257532"
"30.815416820840646","-2.4044794740875473","-17.34714675953185","78.99569921795187"
"43.84607378325278","3.165540605038374","-18.762868169195073","79.57705892358024"
"33.73511030900865","0.14059430478869506","-17.66090841978998","79.09240245652227"
"37.35064451098158","-1.548170456098605","-18.056270009439256","79.2305932973928"
"39.7311823547832","0.33694845263813145","-18.31732311428537","79.33597789883821"
"16.500803907194175","1.302546256275298","-16.02386155229057","78.67813728011643"
"28.71506677406383","2.9508153669584902","-17.126987746817303","78.93472098056228"
"40.70592164478192","0.16685780452206833","-18.423778369582646","79.38194052773544"
"25.382304605445235","-1.089926676195784","-16.791407512975624","78.84852701329838"
"31.58576641251718","-0.9023463943974342","-17.42919202828253","79.02022134089201"
"22.45090178137489","0.9178046929840695","-16.514618577312966","78.78394020947039"
"42.02989991809071","1.514776746325094","-18.567635703712476","79.46344837534173"
"43.81674825366498","1.7600227881719663","-18.759743575429873","79.57489574594044"
"30.995208350303443","2.5930256054575898","-17.366228286942288","79.0018577657225"
"20.462115057553298","1.2558050391444935","-16.338919401214223","78.7448842697685"
"27.115113070375816","0.5275512043758022","-16.963480855627147","78.89168194632627"
"36.072017395622396","-1.1463596375879885","-17.916016378670946","79.17893677987676"
"17.955312808665113","-4.241104321824425","-16.133700315904385","78.7012015593033"
"36.49578965835126","4.227512972268398","-17.96246447250711","79.19673266584557"
"34.16560611859117","0.2109781376578761","-17.707714489307122","79.1077467328155"
"23.815610871493814","-4.288807396735568","-16.64103949137861","78.81314097801256"
"42.94867711744192","-1.178110334947799","-18.666764622215638","79.52432389763264"
"22.080410863148586","-3.4817196861857616","-16.481132415381037","78.7764322597256"
"28.30348770565896","-1.3599267273503046","-17.08456298631521","78.92292361886453"
"38.73600453649762","0.7093727243262034","-18.208301832098076","79.29108959664708"
"18.62995603707715","1.282554726003986","-16.18697806247354","78.71241977532979"
"41.19373128054329","-1.4301707964253043","-18.47688704871508","79.40758493615262"
"39.36271536464741","0.40893661900713696","-18.276989000448214","79.31915224613532"
"1.3657617974621923","2.782010180758946","-15.392415788715969","78.52302186048439"
"35.97882669093413","0.9211212539107705","-17.905807735180677","79.17570481203057"
"38.05791638452807","-0.738725335993448","-18.133903630123296","79.26117107262174"
"24.05654830998296","1.3914216262367871","-16.66378829458876","78.8182981704405"
"6.160858100099915","1.4930137851067045","-15.480602008935094","78.54854179929127"
"22.482410613150563","0.6686055442883378","-16.51748727649419","78.78463528654203"
"40.60855270082859","0.49009868899001097","-18.413162722280493","79.37704164648738"
"32.362024300038044","2.8604437000169294","-17.51243707698029","79.04614655042369"
"41.83690311062024","0.11318411865848055","-18.546730988857256","79.44989250242556"
"29.456233546775834","-1.9513227728746378","-17.204047468473604","78.9549170813605"
"9.70919465648429","-1.5060401092685662","-15.615648319254001","78.57728168714104"
"14.790126253632213","-0.2218196370686687","-15.90428617966026","78.65518755543239"
"38.99287783612192","-1.0936646265036727","-18.236461761326808","79.30213504751714"
"40.422235265551606","-0.9721812312618272","-18.392833196626427","79.3676620032847"
"35.402815342857686","0.5529519720408633","-17.842746102024087","79.15361603246322"
"27.62336211785138","1.177033001702076","-17.014979586784417","78.90502374480528"
"21.343130635201785","-2.7403895156310147","-16.415483488253436","78.76161939598663"
"23.815550677568957","0.7940596021891598","-16.641009146414437","78.8130250687391"
"11.165513804565336","0.32741047909137566","-15.687272484599713","78.59265556902632"
"35.770818667403894","1.231414861412315","-17.883022982245205","79.1677069753033"
"20.462115057553298","1.7764853327061922","-16.338913039570357","78.74483436281933"
"41.692349300934154","-0.8558860414036509","-18.53105338816425","79.43973874543558"
"7.982097867906422","2.5765917134862653","-15.542726554728523","78.56192834031943"
"26.62215888177393","0.2532136072997764","-16.913955830877118","78.8790665487248"
"39.96625296365181","1.3955211274633124","-18.34302993555757","79.34683348171228"
"31.172916974509217","1.2063824885496413","-17.385141602500354","79.00726144248455"
"16.26092808967738","1.1808644435025837","-16.006460560333498","78.6745901260696"
"28.304185384638973","-2.5472595649910614","-17.08463488984065","78.92303057706067"
"35.9308007130099","0.09271269586849984","-17.900547137245123","79.1738465965852"
"5.43437585164892","2.4259512716930445","-15.460105602039874","78.54345043923553"
"34.78256049037734","0.39386015387331397","-17.774966149945122","79.13032723631528"
"33.00075815522537","2.4772120257626375","-17.58132935291569","79.06734294099628"
"25.34736616356021","0.6899631802380168","-16.787989081718322","78.84794582180419"
"41.46977377245762","-0.06969710692997189","-18.50689581881236","79.42517312075458"
"21.660572805689863","1.3096269629227912","-16.44354842188794","78.76795547858528"
"26.42883510394906","0.8095241901601801","-16.8946487057247","78.87406092694098"
"13.82848597037449","0.5939692327479591","-15.84163581805986","78.63672203983182"
"17.992469506149035","-1.4121663787516214","-16.136577790010527","78.70163318179726"
"42.18048263573892","-0.44094169346093004","-18.583928499191728","79.47356333843817"
"36.69144495805489","-0.6997971001981731","-17.98393568888004","79.20364952818821"
"30.01620246436536","-1.6259169545789205","-17.262730931020325","78.97130659473984"
"44.03009101584482","1.1441432930032271","-18.78248864374745","79.58673114494886"
"31.67484241275518","1.7163345812611552","-17.43871117841086","79.02340085380432"
"39.95256808846629","-0.6892479868885399","-18.341532278557","79.34583335631537"
"33.769785148602736","0.6064072489993042","-17.664673580529627","79.09355966696175"
"37.61284217957877","-0.5962851784479275","-18.08505363614011","79.2420468912045"
"34.72728955581573","-0.9070452911427818","-17.768932210780225","79.12799006875507"
"40.25713500616597","-0.2290987132707688","-18.374812287828657","79.36006489166603"
"32.38977123804678","-1.101067266348184","-17.515433684508363","79.04643252437486"
"14.833272718958504","1.5614503931540245","-15.907150588467918","78.65543432680954"
"41.28794246059055","-0.6783937431421023","-18.487134945085106","79.41345513374365"
"18.798284865752517","0.5273330800727907","-16.200519171702794","78.71547651154702"
"19.706159491572425","0.9385359919193118","-16.275010213280133","78.7311872518351"
"16.298033536315597","1.184549220153043","-16.00913919350003","78.67513777133296"
"39.84696984078452","0.5514017850666821","-18.329988380196177","79.341238989099"
"25.061901315739334","0.6492851804331363","-16.760223528623502","78.84131286183693"
"28.69016844814232","-0.22599233639540967","-17.124432872136065","78.93387605600212"
"27.402349383199034","-0.48917380442628045","-16.992538794879103","78.89914023992878"
"22.20848958369683","0.5104698582801195","-16.492656190489996","78.7790820531169"
"30.196258104743947","0.37829040555319093","-17.281682432268394","78.97721037533921"
"12.10500621684846","0.2002378745949227","-15.738302577446177","78.60209621481333"
"25.28043207906627","1.3658967228658256","-16.78145781399327","78.84629485994472"
"26.311400271485684","0.7589253465525267","-16.88295727561774","78.87112944032461"
"32.92772339926128","0.7351604290165661","-17.57344378220398","79.0646403275752"
"38.36984803268819","0.30035411523224964","-18.168136085588486","79.27500963931065"
"35.949978393167775","0.8291072495524205","-17.90264737900902","79.17457728796458"
"9.109496016752384","-1.5336063555218205","-15.588830091562455","78.57165923497877"
"1.7256813113026046","1.4529768174977717","-15.395164422051938","78.52456945148761"
"23.560034830685467","-1.112002766343867","-16.61701042606572","78.80720109394153"
"21.477595778838786","-0.44513571837638777","-16.427339319336095","78.76447548868516"
"28.110494627766656","-0.2412487205265216","-17.064746021460277","78.91808934209685"
"16.716122888446595","0.9585780553200645","-16.039659163278344","78.68150242017154"
"43.044715793849505","1.816030308964427","-18.677086938448515","79.53077333610962"
"32.56024015059624","0.33451770245360124","-17.533792068601258","79.05241907330996"
"30.375508652269247","0.03331869276335553","-17.300590055711705","78.98262974524499"
"26.54035094420756","0.22180597759249454","-16.90577913277816","78.8770028514968"
"37.22981406986865","-0.0990551656108225","-18.04301337137056","79.22601408802373"
"18.41345082109284","1.3473284569667578","-16.169704672594484","78.70874680066385"
"38.86344544072041","1.5693214443864762","-18.222275008049415","79.29689429078039"
"6.309770987024041","1.223329277689198","-15.485111189233383","78.54969013290552"
"19.259302395086586","-0.8475048921649704","-16.23804443732636","78.7232827577914"
"34.17645273379756","0.12478971678779978","-17.708895210136006","79.1081368075765"
"44.83382566195078","0.8391986827629415","-18.867770196300388","79.63369651720872"
"30.893913042370098","1.4717489736237768","-17.3554738221479","78.99849126238179"
"32.091104750185075","1.254629981960475","-17.483326349895847","79.03693660113335"
"29.177491306975163","0.07312770525363563","-17.174986098584363","78.94757060124483"
"23.914340211285023","0.14842740579688574","-16.65033852890815","78.81538698194794"
"36.861363935238856","-0.10770344375186387","-18.002579394039056","79.21075261379619"
"33.26420420936719","0.04956286525042364","-17.609841387985515","79.07607784278078"
"44.21423283881556","-1.8785280988395217","-18.802077837359207","79.59646922328314"
"38.896430527168704","0.6657976246222918","-18.225892834861305","79.29820014860876"
"35.38043965654568","-0.28726168016032627","-17.840298302700745","79.15270192559824"
"42.88567414094919","1.1747578983003577","-18.65999395997443","79.5210265705463"
"0.0","0.6312537997097372","-15.387828109226824","78.51969738713242"
"37.72750678816237","0.15302005094038904","-18.09764142387915","79.24717590913163"
"42.669084209347304","1.184147342662739","-18.636677197146938","79.50730135383466"
"40.612118811264345","0.30876569554569755","-18.413551567033743","79.37723908961723"
"34.43224065368706","-0.22483780313026158","-17.736756025263645","79.11733988853194"
"14.778809078573483","-1.5623240894536379","-15.903540660350654","78.65462689079723"
"12.879516512722788","-0.6159026333258986","-15.78320251790321","78.61358881855736"
"31.46695615513348","0.019065625414824705","-17.416499083967608","79.016688496211"
"16.20484671916474","1.43484273606769","-16.002417756769937","78.67369740896983"
"24.34688124256326","-1.2203733102395156","-16.69142878610068","78.82467104462314"
"6.826177225944495","-1.0102143353632012","-15.501554622760239","78.55352547784273"
"43.32859247188555","0.26350160836405356","-18.70754472345731","79.54695381776277"
"23.171491149305183","0.20088987279092807","-16.58079224430302","78.79918625111978"
"19.371158228347568","-0.01861332612386457","-16.24723874081727","78.72547481675319"
"41.775933436125975","-0.6279178033467983","-18.540119337800647","79.4454971363725"
"33.579270892305594","0.0556034420027571","-17.64399249713089","79.08693401855854"
"25.30725587258218","-3.922107718136409","-16.78409453085958","78.84709241574345"
"39.47353238627657","0.26263773451924055","-18.28912394565217","79.32421294379849"
"30.672732831882527","0.027327492708838053","-17.33202306942489","78.99169448052565"
"1.8243825576971933","-0.7197059735017738","-15.396033906174656","78.52517023079797"
"28.256228020923466","1.2618600631194679","-17.079696223271288","78.92197621306082"
"26.90212232228351","1.2689020326586435","-16.942023340508502","78.88608047903567"
"6.933102643928606","0.7322819847160676","-15.505095992273134","78.55438298936394"
"37.43927225731651","1.111458656040229","-18.06600285105071","79.23492278242986"
"39.87511546195964","0.17070591962557005","-18.33306620379538","79.34255319407536"
"44.55","0.2515721344873602","-18.83772893256265","79.61673297548751"
"9.970760234044608","-0.7010069311044446","-15.627833334562453","78.58009728290169"
"21.125939241578045","1.1284993092637952","-16.39639093353812","78.7575263401052"
"17.292494947495012","0.08582579439329568","-16.082736973290977","78.69074364058999"
"35.992051837992776","0.12019055113268647","-17.907257609658675","79.17622737083259"
"29.97178712517713","-1.4492750059546808","-17.258062132679363","78.97006027020976"
"13.940655421945094","-0.6928644822409247","-15.84878867813747","78.63940371239178"
"22.840349853752908","0.26897927295820667","-16.55022484891801","78.79217262016617"
"21.6006483394398","-1.010565059269011","-16.438244475882826","78.76672535256148"
"44.845160046668234","-0.20291211306294205","-18.868968229085553","79.63421810480509"
"32.7629898254276","-1.1220461883211392","-17.555655591000434","79.05879186024686"
"40.82855579634307","0.04215359544940428","-18.437142142959768","79.3881701477155"
"29.632992611657585","2.0659074826807116","-17.2225169014819","78.96061162882663"
"35.35804234767662","-2.8133768248996143","-17.837839410356523","79.1517680234019"
"28.593734475756875","0.840160188089898","-17.114464113982226","78.93120472503068"
"28.142795099932272","-1.8117003271037064","-17.068059853734844","78.91840741129234"
"26.979560772064165","0.5339115399511501","-16.949819086186146","78.88815635901504"
"20.800963643585277","1.3190552895983123","-16.368100715446047","78.75125732567432"
"21.090248136303284","0.6624610943887063","-16.3932752211753","78.75693919936838"
"44.46867019522447","0.044781797469039014","-18.829105415389993","79.61189788033273"
"41.85415292840844","-2.2110756143537413","-18.54859067090467","79.45063852123529"
"25.35089904025977","1.114117779995078","-16.788330100303213","78.84797087900284"
"30.553889386172138","-2.2153375826034605","-17.31944105784522","78.98756420947377"
"41.33433614930461","0.2094541718364422","-18.492180557714782","79.4165721867923"
"28.78359434780512","-0.12406408451864159","-17.13409862208343","78.9364899252843"
"23.422942861591988","1.4223499670253947","-16.604173332821162","78.80432144450657"
"44.87425973851702","-0.08862119496312004","-18.87204360735565","79.63598543578773"
"31.002241925091816","1.5318384437306896","-17.36698212252706","79.00189027710584"
"19.482235589467678","-0.6368637696937899","-16.256417629046208","78.7272452753856"
"37.27526850288534","-0.0040721009811553605","-18.04800242869829","79.227944070144"
"44.145587507541784","-0.01684549224421139","-18.79478371163478","79.5931063616412"
"22.232265537101853","1.4862153040479265","-16.494793654567555","78.77937911107225"
"42.5386786827363","0.010033233439961244","-18.622618298864737","79.4984001805483"
"35.05911616220413","0.08454279045197394","-17.805169269830984","79.140692369692"
"25.702638135317656","0.6563207608931786","-16.822775218641098","78.8563407790135"
"22.23333373095123","1.2008936070184049","-16.494893368884984","78.77944911885021"
"27.68055382704506","1.1907906365415202","-17.02080184455732","78.90654596037795"
"38.078891442619685","1.4827069186495787","-18.136206554223083","79.26245075305215"
"33.0747351385786","-0.7217036186074448","-17.58933638434936","79.06939838409377"
"39.194287562933326","-1.9021408471792163","-18.258530324302985","79.31093142715544"
"34.33311152568298","-0.38246871695892026","-17.725954394483587","79.1136690204789"
"36.96173649138514","-1.0058330316089334","-18.01359032592285","79.21458609449968"
"14.440476148704068","-0.4458618522931817","-15.881141061926026","78.64983508144233"
"32.02501391557535","1.5212669826677798","-17.476231259423216","79.03478235207571"
"3.3514153036947656","1.3863689485317594","-15.415417609995936","78.53196653630087"
"24.014736240309688","0.10440170482985434","-16.65983723597688","78.81761149314576"
"33.157381181221055","-0.6448468196621224","-17.59827731770989","79.07222461020734"
"34.29713415794302","-0.5484846191785164","-17.72203513102211","79.11230576244951"
"35.60439793313983","0.21361112686931077","-17.864804671870083","79.1613241511634"
"38.5140893543891","-0.07683455221637567","-18.183960623688176","79.28127400155493"
"21.7414863016622","-0.5686494990440628","-16.450768133325717","78.76964802804663"
"30.499193359392017","0.7123702393936703","-17.313655481735363","78.98632138059571"
"41.10178962351774","-0.05037243549913283","-18.466890792831","79.40280448471981"
"37.48643296002963","0.13205979466369167","-18.071180201387598","79.2368882164776"
"39.547699986362716","-1.5311634047694465","-18.297237071164222","79.32706000208249"
"31.787772350173455","0.6396654354205248","-17.45080352987526","79.02700854740198"
"17.810073079299343","-0.010463489464053344","-16.1223830648107","78.69906198448456"
"22.549169520581213","-0.5574460893721458","-16.523577378590304","78.78596325031984"
"28.266296095397458","-0.5979049317558307","-17.080739402990353","78.92217769173612"
"27.240288995829367","0.8901621785805001","-16.976122510842643","78.8949212955697"
"7.339667869666772","-0.4189042148084753","-15.519100106566656","78.5574527721724"
"33.81382743602421","0.43510436373893374","-17.669458398107864","79.09512387859164"
"24.660858192526824","-0.30852312452729763","-16.721506024539746","78.83211062803673"
"43.684240837009845","-0.03846371239588119","-18.745597417430453","79.56707656185228"
"44.91463556640241","0.07429751495435666","-18.876309213143905","79.63843598866352"
"26.12233327051536","0.5654629788715052","-16.864190590509647","78.86648626640923"
"11.522655060480485","-0.4650672625068813","-15.706237582879098","78.59601967593447"
"41.53769488935111","-0.8276210292369026","-18.51426913858346","79.4293966550442"
"7.983212690235311","-0.41719923409800896","-15.542802076098788","78.56240643148428"
"23.184334077015148","0.3601351451107986","-16.581981892777314","78.79939846095286"
"28.807405560337827","0.06517540679173775","-17.136563641778","78.93720124371117"
"15.748872503579431","0.3183517414167778","-15.970006831382594","78.6675821726422"
"3.7890154920018","0.6173706844252999","-15.423070957629164","78.5344604068608"
"27.215825106754277","0.3587879804884324","-16.97365283481678","78.8943647899588"
"32.84996344525486","0.9014794028650138","-17.565043910837858","79.0620363102291"
"30.1061037777461","0.34337606093975714","-17.272188020386803","78.97452661492265"
"36.75431232020757","0.21500485389527896","-17.990834467531517","79.20645013014327"
"44.88673606068474","-0.08524442042038205","-18.873361812685403","79.63673129520959"
"14.387795579232538","-0.33175244038060836","-15.877690034248658","78.64897675119133"
"34.43586680668517","0.17714483679289636","-17.737151456497322","79.11757934861186"
"22.371645896576265","-0.3371434112436333","-16.507431033571063","78.78239252933702"
"38.450428787812456","0.15352958162445568","-18.17697701432237","79.27854700495186"
"23.21745644070138","0.7590314086675711","-16.585051639739657","78.8000042748346"
"38.65269445918716","-0.7336955220932615","-18.199162436554204","79.28715957911525"
"18.021150876903736","-0.367805917632845","-16.138810884764943","78.70242837874885"
"25.28775250515202","-0.48124556020731635","-16.78218397273975","78.84650961717396"
"31.192191819602513","-0.49182893208565964","-17.387198875794706","79.00776818109328"
"33.594204824944754","-0.39125113746290624","-17.64561257113306","79.08731934933107"
"31.292098819385814","-0.4903742300703075","-17.39784386723301","79.0109419501474"
"43.67227098535557","-1.3809719765931143","-18.744313795723382","79.56598453231639"
"39.88712187737926","-0.16412557745736406","-18.334378422970705","79.34301456889314"
"44.82814587786137","-0.5070038255982077","-18.867169096044925","79.63311093222117"
"41.08771273907909","-0.6126263356689858","-18.46535729624622","79.40184941606306"
"35.16221135249964","0.3179124222278518","-17.816436218276976","79.14456375226119"
"35.85879069063179","-0.2307425550850906","-17.892658764632763","79.17097481407457"
"19.835134209954635","0.20486143286936517","-16.285804009336815","78.73372260517415"
"31.867002245077384","-0.09514339747901651","-17.459292632782926","79.02960326958491"
"22.552869181049097","-0.4141964773377917","-16.52391389936883","78.78608334710127"
"24.494576748766068","-0.24084444493324436","-16.705548563965706","78.8283372351936"
"12.42901688164162","-0.5041692070734171","-15.756775304951162","78.60595302261117"
"41.911955277082896","0.15716113534743126","-18.55486383314455","79.45507779177969"
"39.53168267593421","-0.3478403058764873","-18.295488917738254","79.32673297622011"
"26.175974964954328","-0.16828519186163754","-16.86951265872132","78.86783608520349"
"44.19874180952333","0.08143835373865949","-18.800437686221755","79.59616447204532"
"40.608396294119885","-0.7780783873066124","-18.413142656101197","79.37679237236642"
"17.922300987621625","-0.40654425397004224","-16.131101063132412","78.7007890511832"
"35.79809304619997","-0.4674353435753675","-17.88601054056157","79.16856005786677"
"23.687974963449616","-0.36528489119138474","-16.62901043570138","78.81023778823655"
"34.89426365574229","0.02479327426627212","-17.78716168426682","79.13449963048288"
"42.20319968466991","-0.07385462462828526","-18.58638612737792","79.47525320005941"
"43.093217244974284","0.14598600831435554","-18.68229739486729","79.53331095031203"
"19.201039130878016","1.4135312986377386","-16.233244594915696","78.72219290768267"
"34.35172582190614","-0.0293848815532457","-17.727982690766925","79.1144553577137"
"31.192555575331525","0.5528186961497553","-17.38723587017993","79.00788688629306"
"31.98925340381439","1.115171285915966","-17.472396438940777","79.03359042273128"
"37.17628290760901","0.004640877246816902","-18.03713834905925","79.2238044869251"
"15.113200792874114","-0.14241766502224923","-15.926062887235963","78.65951296158369"
"25.990864840055735","-1.8587606116293505","-16.85118902679125","78.8627513499521"
"27.99337179673681","0.9040315900973938","-17.052742584225133","78.91492058729092"
"13.30268761115628","-0.29644988204379064","-15.808818078073752","78.62359506567722"
"39.516468330205385","0.06659577865984881","-18.29382441068811","79.32615768645444"
"41.1703002820187","-0.8116937062908908","-18.47434151848762","79.40644933946938"
"10.05483046920547","-0.0496751990107292","-15.63180929500132","78.58111621260821"
"36.472386348722","-0.4154537643678108","-17.959909619139818","79.19495115625267"
"8.314265234556663","0.2930099978246142","-15.555726453556243","78.56518165824141"
"29.703572956804166","0.08858123756989127","-17.229918638103054","78.9626904149657"
"30.76996396100779","-0.4303563281172052","-17.342328279723528","78.99455618139741"
"33.35335765408457","0.5288104215036838","-17.61949751139264","79.07908531104933"
"32.96811350081707","-0.33370687024402734","-17.577809702709622","79.06592619678767"
"18.61052495993232","0.204617980162411","-16.185434737539637","78.7124173680597"
"24.644692645352734","1.463509051891399","-16.719938199942927","78.83161512113337"
"27.77000417030835","-0.20229947368057066","-17.029926636106598","78.90899444658497"
"38.13462604657502","-0.3736441964948517","-18.142323378253604","79.26462304986303"
"20.978207239695763","-0.4718959282390185","-16.383510396960975","78.75477661943752"
"39.37359724736254","-0.16614317676453091","-18.27817997630427","79.31959192457427"
"29.116422382421973","-0.018306356711660005","-17.168633184237855","78.94582094180109"
"35.785317229209966","-0.3122480943319724","-17.884611801566276","79.16812001943788"
"10.253547329207347","-0.09871277099906822","-15.641342482824054","78.58313102649612"
"0.0","0.38316295595371763","-15.387828358122881","78.5197778492492"
"17.277785479743486","-0.3409297544870399","-16.081627458010416","78.69039388979887"
"38.76664761399794","-0.0492199832611227","-18.21166196219252","79.29240474243879"
"44.12832524212108","-0.3489255422018393","-18.792946262307943","79.59203202208894"
"27.820430430888422","-0.06581709204384634","-17.035071373296404","78.91037682981943"
"25.604542652378928","-0.2998451211408552","-16.813150942263253","78.85401605982052"
"31.725132438997964","-0.1507379566771873","-17.44409918085257","79.02497382855309"
"33.2562879334864","1.0293423446946426","-17.608981832819342","79.07578177810885"
"22.397080862851737","-0.20226319252167754","-16.509738528708997","78.78295396421173"
"19.661162441371832","0.32389117988397786","-16.271265980712947","78.73056872800699"
"34.5930867872725","-0.22780212800422048","-17.754292647096115","79.12324801772691"
"8.046990072589459","0.5769625056102261","-15.545245316339575","78.56289275551332"
"13.112374382801928","0.14262632864412245","-15.79720107365714","78.6190787519054"
"32.59584430388302","-0.18016302049824537","-17.537629734080628","79.0535452518458"
"14.610436435974755","-0.13913421780967092","-15.892335392620371","78.65260661333863"
"37.50168317981016","-0.1686960946505824","-18.072853603678045","79.23745528012294"
"28.74608946618788","-0.46618259148377483","-17.130217464218074","78.93534239749859"
"40.161060227232305","-0.048765619371473695","-18.364319160835752","79.35562894665546"
"30.914726050287026","-0.20082949718602472","-17.35769030451363","78.99913400143794"
"26.713707626165487","0.27216514708001127","-16.92312070388346","78.88139351741512"
"15.08004722561654","0.41204242831637405","-15.923804769803986","78.6590549272536"
"23.62186300534199","0.5675213653420936","-16.622796475990498","78.8087992218919"
"5.618528769717793","-0.05675823008228184","-15.465085370983603","78.5452059379085"
"38.218240271863785","-0.03956885199858387","-18.15149994095589","79.26836600319754"
"10.744230881750529","-0.210738372869412","-15.665614288258078","78.5882213960455"
"41.975114203202374","0.010953985602488975","-18.56170463409741","79.45941386315214"
"34.106535044864174","-0.25442767546198863","-17.701285450892957","79.10550859811823"
"42.62581984481579","-0.3475375327633489","-18.632013852854605","79.50416647017397"
"27.73356093496922","-0.0006339966102635874","-17.026210092541646","78.90807983040344"
"35.010922073046785","-0.16804348726659868","-17.799903449113646","79.1388148858264"
"25.20174116070848","0.11399852532569626","-16.773808208580725","78.84468201316656"
"43.38905263205868","-0.053239900958210185","-18.71402146428744","79.55036324227308"
"28.933363452399966","-0.009766585390278942","-17.149619545715","78.94068682978926"
"40.555900149595765","-0.37991359185312484","-18.40741886639961","79.37433217953145"
"36.917972693200674","-0.3947443135387004","-18.00879018980413","79.21298462933404"
"31.71170049168661","-0.4923994839512274","-17.442661650809015","79.02442661927974"
"24.52886113318955","0.004940606799789249","-16.708832495415166","78.82918724950028"
"39.02419412584993","-0.16614317676453091","-18.23989786245589","79.30383665569919"
"22.47744257757992","-0.4240832510682909","-16.517043791793537","78.78453004914708"
"9.270308054390094","1.4963243351841176","-15.595837248735435","78.57311516426645"
"41.30091385302054","-0.15528861453586212","-18.488546850334227","79.4144170131844"
"25.492232873373894","0.11096270735746662","-16.802147090856337","78.85147850051247"
"39.62945003893005","-0.045501747520888786","-18.306190854852392","79.33129134155483"
"40.34845904208008","-0.25738080756501297","-18.38478335517498","79.36436787588922"
"30.364559295840618","-0.01726354822532331","-17.299434165149616","78.982284967896"
"15.521723286034515","-0.13867761405164253","-15.954139292444035","78.66465537461653"
"23.13252585076529","-0.4565992554017356","-16.577185515871104","78.79819122261232"
"29.52568536877786","-0.25093027685762176","-17.211304333553944","78.95743260604713"
"35.78750887619413","-0.11099035698409762","-17.884852174069657","79.16826701483417"
"33.340616278824925","-0.28197199233391923","-17.618117684258337","79.07859648304455"
"25.550030270159905","-0.59808717273821","-16.807808854671187","78.85263164671741"
"26.942121530672843","-0.21625476945492803","-16.946055184283598","78.88719686611631"
"44.11168682490724","-0.35404013522022404","-18.791175626595354","79.59108503376025"
"37.76380978547434","-0.14466792784795252","-18.101625618499277","79.2486551362942"
"38.87238888990184","-0.10710847399593398","-18.223256458456632","79.2970804376089"
"32.361862027252585","-0.45237448924377544","-17.512431486814126","79.04572780017841"
"22.29265834197","-0.22618600846794779","-16.50027230535617","78.78081825741792"
"35.14616713547603","-0.1487582918917897","-17.814682358705884","79.14390501876419"
"31.63911359235634","-0.14606275654145973","-17.43489629368169","79.02218943198358"
"23.244284790356048","-0.22706663652416953","-16.587550925465493","78.80064720968458"
"33.457574639597006","-0.007132693481096242","-17.63079359489107","79.08270149208917"
"27.543075698344317","-0.15470197762621296","-17.00682284667674","78.9029722008791"
"13.105727997978029","-0.21343506726829942","-15.796801756851771","78.61883052023735"
"28.730782433177406","0.1067032900683905","-17.12863241909496","78.9350906128845"
"41.214697551017615","-0.10730566284132859","-18.479172691350357","79.40923886419706"
"15.719977299804432","-0.22417713656736474","-15.967982928248455","78.66716668461905"
"30.968488509938723","-0.2653904772996797","-17.36340152000738","79.00079436698424"
"42.92342032106897","-0.1967939348939164","-18.664052980864863","79.52310643655176"
"24.722946340875744","-0.028933761943058384","-16.727477897398398","78.83361368789555"
"36.27591335419439","0.03303076050267861","-17.93836787957485","79.1873020408183"
"20.50834904982299","-0.2562714995288641","-16.342897470819615","78.74594357101033"
"31.872261698428918","-0.13799459852050297","-17.45985627068005","79.02976319327924"
"40.262250658123065","-0.14235581177343193","-18.375371167974734","79.36033140535481"
"38.88198252029373","-0.19901456174693688","-18.224308068036944","79.29748097623713"
"27.473833691626414","-2.041969366023563","-16.999792507901628","78.90062795391528"
"14.335788650524382","-0.15406511951455082","-15.874291908612536","78.64811215175737"
"25.99813384991424","-0.1459275657138603","-16.851903364634843","78.86350008452959"
"34.269945246005484","-0.15684162912658692","-17.719074545593884","79.11144623499614"
"38.67165071585055","-0.22971045555454736","-18.201243247999965","79.28815666221264"
"28.01671239029255","-0.18971106539785096","-17.055137366536638","78.9155879660332"
"14.897012746269073","0.8478584222055783","-15.911437063122245","78.6564977235763"
"18.138301152600928","-0.3916345857234822","-16.147990065103514","78.70436018395978"
"21.668269501066586","-0.24676701818245841","-16.444247896115915","78.7682956251404"
"28.222833939756427","-0.19032250196557976","-17.076273563984614","78.92113398080255"
"36.604290696277175","-0.2431974677047315","-17.97437675573198","79.20028534700958"
"33.18312609937078","-0.5708866508844159","-17.60106356748057","79.07312336145907"
"39.77395589667619","-0.13990056266919115","-18.32200166350267","79.33787060981543"
"26.383619089056012","0.3084130917740071","-16.890147489634256","78.87302903258482"
"41.12211419230173","-0.18886822733134448","-18.46910180874478","79.40390734283065"
"11.83400639900827","-0.12268633271840645","-15.723202693711336","78.59914660991093"
"30.780527218364632","0.8088675453366092","-17.343445298648835","78.99496282554078"
"17.09648358529897","-0.10714912063509605","-16.06796366270874","78.68760209310119"
"42.23819136968708","0.5103328428806096","-18.590169881632463","79.47771859306393"
"29.69072390375352","-0.22574962457964126","-17.22857332633783","78.96222757080118"
"26.754628475584337","-0.10270832423696541","-16.92722399812476","78.88240390144142"
"24.89199101005085","0.3050872554157588","-16.7437794051538","78.83749080753581"
"28.119114545782516","-0.25160877927305003","-17.065629890300134","78.91831785779777"
"32.906035615381874","0.461533668248291","-17.57110151914719","79.0639139523963"
"22.97766462707906","-0.2480020675185032","-16.56287069071751","78.79498032247902"
"37.74097277947398","-0.19451847873223474","-18.099118865644385","79.2476598025783"
"24.45992712726906","-0.182002500646398","-16.702230598190795","78.82756769363321"
"20.50656511972407","-0.19780520141468638","-16.342744028851456","78.74592812613193"
"28.241585750361725","0.33519503370678616","-17.078197713728148","78.92168499914868"
"42.80217322130468","0.3102696765472291","-18.65101068199028","79.51573944850134"
"34.10177540030947","-0.18441966599208795","-17.70076760674599","79.10536044192982"
"37.23424536306534","-0.2865777544378051","-18.043499303872853","79.22614241035065"
"31.609854500365223","-0.19109919960180785","-17.431767593893174","79.02123046718228"
"39.13091237327483","1.2348135868357533","-18.25159361555465","79.30878473488832"
"32.49789172668555","-0.7453489730265956","-17.527075016050095","79.05011969261356"
"25.362337941749516","0.04769951774299794","-16.789454448935853","78.84841052698232"
"27.50177890127411","-0.6962737051032021","-17.002628755054765","78.90170499652082"
"30.41169494396224","-0.19431253997893622","-17.304411784668744","78.98366221274847"
"41.80023262460507","-0.14993690387690395","-18.542755385427313","79.44730874886885"
"24.243717233275962","-0.19322522282544372","-16.68158794286314","78.82266871172064"
"10.975531122488476","-0.16566283908593576","-15.677414078553944","78.59066922639855"
"25.822653959029278","-0.28562720188496593","-16.83458861240016","78.8592222342811"
"26.69802982688784","-0.23169636111870734","-16.921552386180856","78.88091846483178"
"38.46852329136591","-0.345672755193337","-18.178961065539834","79.27919634010408"
"16.55261032923906","0.0765514481453971","-16.02766189591805","78.67927105879058"
"41.551847482880156","-0.9275706507460286","-18.515805255688058","79.43029993864798"
"36.33530114286198","-0.49048734439070385","-17.94487771276665","79.18948600145823"
"21.696237788949826","-0.21806481245415316","-16.446736004889175","78.76885838528183"
"39.620331893223806","-0.31934266371961134","-18.305192223610746","79.33079358441272"
"21.078762898115937","0.5681898022789155","-16.39227266361243","78.75673875761098"
"31.39932443606014","-0.1566853377432223","-17.40927999083932","79.01447363297132"
"29.540772154077224","-0.1946974128580999","-17.21288141282387","78.9578867794163"
"30.204201620656633","-0.15122525349692587","-17.282520834998913","78.97742266897536"
"27.972078086426148","0.06451118345680248","-17.0505683304985","78.91446213598427"
"32.98272291569901","-0.6694705994348278","-17.579388249990224","79.0663090599829"
"44.96832571950981","-0.395393447251387","-18.881977783884444","79.64151497756217"
"24.549921053904498","0.13719023408429312","-16.710850978508983","78.82970251641498"
"26.38754033228851","-0.29628679022252485","-16.890540841873495","78.87304492742935"
"10.191085207969996","0.6096195390933994","-15.638319971417895","78.58237044980892"
"15.531283852272797","0.10555211725234691","-15.954801150053601","78.6648374898676"
"13.846207405194047","-0.21343506726829942","-15.842769715811649","78.63724105878242"
"27.193532490142974","-0.1606822293700068","-16.97140236502152","78.893756814304"
"20.040181320292398","0.20933864304375605","-16.303052452765744","78.7374169489141"
"37.03247219500001","-0.17525252882736325","-18.021355331960994","79.21777913108855"
"31.628401191084794","-0.16079318285294997","-17.433750711258266","79.0218392029011"
"43.572179408837485","-0.44330564114356735","-18.733618749127064","79.56064073958338"
"39.44384458706457","-0.37365693066562294","-18.2858719803744","79.32271958820002"
"23.154362661339324","-0.10161270524512132","-16.579206602853947","78.79876383841561"
"30.4222639647978","0.051727657515948544","-17.30552782330382","78.98405080937626"
"41.05223277197999","-0.296501121020244","-18.461497318532913","79.39998765362468"
"42.19421222550324","-0.2653762067331231","-18.585413785548436","79.47457360900746"
"38.00256279723267","-0.29954546126415704","-18.127830077079217","79.25891027448728"
"7.696296128091848","1.0907415343395568","-15.531986214777765","78.55996546683603"
"26.48936378508501","0.05641062660628089","-16.90068994999309","78.87570463705117"
"39.994407433020065","-0.21351570498316078","-18.346107630245676","79.34789873599073"
"32.60678926155238","-0.4902430624882248","-17.538809317431937","79.05380588193773"
"35.82400042912859","-0.13386401036663537","-17.888848527010936","79.16966437506072"
"28.57951151750378","-0.3416558686930658","-17.11300067550149","78.93079398718857"
"17.70961370995834","0.7504750531727115","-16.114609183364667","78.69725568950572"
"15.357949903727409","-0.2986285448096897","-15.942812766304064","78.66255885134635"
"23.028934614347467","-0.1556054399114295","-16.56760239732586","78.7960901731735"
"26.3516384388399","-0.3264871234313214","-16.886966610022824","78.8721375977957"
"44.57369732196823","-0.25324554024819296","-18.840239615553525","79.61803609131901"
"21.81952060270836","0.9143238937159678","-16.457717582756793","78.77118955699063"
"24.40102616394436","-0.5719483776158182","-16.69659867943188","78.82610735987132"
"8.438035828672344","0.27386533674969615","-15.560689414544218","78.56622092231585"
"40.25080351705631","-0.3317642150026174","-18.374120549061786","79.35973490377319"
"31.543409199035736","0.3199517687936344","-17.424664822437148","79.01914590125969"
"33.49460286900367","-0.3501599809386884","-17.63480834325371","79.08387733867127"
"31.209957694427246","0.2096137816845451","-17.389090443740994","79.00851703762936"
"30.244111973722518","0.6778435237508272","-17.28672479210679","78.9786056417526"
"38.92790963608671","-0.18286414513567845","-18.229343270219918","79.29953106448183"
"42.15379380032023","-0.5026647233160009","-18.581041719317703","79.47168657780237"
"32.94503702968532","0.3157996591388539","-17.575315681637182","79.06525933917034"
"24.82059050181735","-0.1503679524632541","-16.73688867270864","78.8358184304708"
"39.3422119525684","0.10665018701270684","-18.274743176496663","79.31823868977138"
"26.288431391005126","-0.5917502450337137","-16.880680574635186","78.8704792224828"
"20.811832729167193","-0.2447869828458969","-16.36905800546151","78.75167003630311"
"44.5241993982646","-0.17107568466833326","-18.834993506971998","79.61512760491425"
"24.14758156444317","0.32186129254287976","-16.672439194897215","78.82054436124594"
"16.66330105475806","-0.3294247518767492","-16.03578430160964","78.68084155676908"
"18.801264166658626","0.6430087497957709","-16.200758116631715","78.71549729013914"
"22.783304894090747","0.9908868915707595","-16.54497964034436","78.79079846331568"
"35.31413514880441","-1.5968970691546707","-17.833042083497578","79.14973717867983"
"28.690653206456965","0.31555911264573294","-17.124481224989093","78.93395267925902"
"38.110712248610334","-0.4006982735557498","-18.139698926499232","79.26357380431966"
"25.774067211383922","-0.5360878542510753","-16.82980590579761","78.85797811462966"
"28.035945605581812","-0.15533571526640508","-17.057106709332164","78.91611425057062"
"31.16907823453906","-0.5087739601896991","-17.384737619340523","79.00703074677996"
"43.73115150011278","-0.4199353047279058","-18.75060705290867","79.56960783428822"
"17.730288982615562","0.1524340236671345","-16.11621157400784","78.69780270927654"
"38.66090730435732","-0.2107793931391772","-18.20006497370736","79.2876891753267"
"40.36849686493757","0.742566648080788","-18.38697168292483","79.36544009582737"
"23.12688585444617","-0.1402135627389372","-16.57666137229246","78.79816933554724"
"24.6387774527349","-1.320854822933006","-16.719387194034763","78.8312754117568"
"30.036050971776916","0.45982554777718","-17.26481678771042","78.97240915623108"
"33.60503609815858","-0.3571784822333421","-17.646787919955525","79.0877076338157"
"13.049378701758958","-0.049242026461102845","-15.793391734193468","78.6175490698144"
"32.5153434673556","0.3196808773209672","-17.528954883502706","79.05093725427915"
"37.63111353458125","0.25508011229753746","-18.08706101819149","79.24304021773509"
"34.530871247177885","-1.5765470379668962","-17.74750412825512","79.12048546188292"
"20.25313670538916","-0.04419566934838415","-16.321098711820667","78.74126756780022"
"39.326352835158474","-0.1553329861303011","-18.273005589377483","79.3174510533397"
"31.594418225191287","0.35972516253692277","-17.43011644277996","79.02077987622506"
"30.71561821786787","-0.2329725272712631","-17.33656715050784","78.99294141260873"
"42.377652783172955","-0.3370743740048165","-18.605237492323997","79.4872743647206"
"41.27246009835461","-0.19602840862515136","-18.485453367269287","79.4126603891587"
"43.5116242762538","-0.670110581009602","-18.727140744670116","79.55714689921233"
"23.442242055835194","0.04705911476498836","-16.605987923950458","78.80499085072782"
"26.531369598259996","-1.5493145960384243","-16.904886993172163","78.87623705258213"
"43.95541057610491","-0.2974346955972689","-18.774532107388154","79.582265547542"
"41.63944550504543","-0.0627156432503872","-18.525316211006515","79.43641139994169"
"32.78463132721225","0.4585700329532961","-17.557991990514026","79.05984965272421"
"0.0","0.6455095540055966","-15.387828090111315","78.51969311343804"
"35.06619687743138","-0.02723508101234695","-17.80594289582197","79.14092841213888"
"20.54893271543707","0.04962427134189018","-16.346378385102458","78.74678716530909"
"28.07342197012135","0.4591296530556619","-17.060943273047258","78.91711370227858"
"38.066818688138596","-0.18730128661445247","-18.13488239838142","79.2617352540567"
"13.406828792008628","0.42401282996246226","-15.815226634885565","78.62619877772259"
"15.778684407516348","0.026649524410044423","-15.97210713433123","78.66801538651929"
"19.605091404173812","-1.887620600434377","-16.26661530164412","78.72902611176634"
"43.31900307820095","0.008588797095402612","-18.70651680237909","79.54637232972271"
"26.19425392102247","-1.2302950378841553","-16.871328873882018","78.8679404870094"
"8.861810150235542","0.45458420175033876","-15.578203755494966","78.56978446779641"
"13.19625817543162","0.6141903819870275","-15.802295735269631","78.62091466629461"
"31.35399507791294","-0.2317093952531238","-17.404443987751613","79.01300062182106"
"44.55","-0.33069208333750555","-18.837728061183306","79.61660756423849"
"36.16332606734247","0.27151257435449666","-17.926026616053214","79.18289649747341"
"27.609694744247424","0.4755688483470034","-17.013593795056945","78.90472706207362"
"42.373857522753795","-0.22200559267600364","-18.60482794415214","79.48704830556966"
"39.31978467336875","0.6779905668282399","-18.272286829212216","79.31722134429296"
"29.585467299900948","-0.23226703346714483","-17.217555620504445","78.95916760122817"
"25.091831418689317","0.17485003559705553","-16.763130427121908","78.84214449831407"
"13.81034850773598","0.06660360618927061","-15.84049202556461","78.63642865284935"
"25.636963677844747","-0.28658425313283203","-16.81633153216587","78.8547894852481"
"30.618128450024628","0.10398767988626312","-17.326240564145746","78.99003792955558"
"21.924065356901625","-0.15387285589859215","-16.467078880679715","78.77341085265111"
"38.095562370006945","-0.07926766863763049","-18.138037150805854","79.26301420854371"
"6.819556939507905","1.021586434666428","-15.501320402630132","78.55346015946277"
"42.037953365145874","0.20339068702182267","-18.5685086123917","79.463813026929"
"9.420599827556254","0.6707405381387063","-15.602526310355941","78.57478179791669"
"34.483005338819126","-0.11310197554357315","-17.742289529450815","79.11923358915433"
"44.26751315465688","-1.0654542129235995","-18.807745154541426","79.599787925808"
"14.880090543542071","-0.16519767448180106","-15.910312099024681","78.65644159731026"
"39.735743243543354","-0.2017001651690615","-18.317821187088743","79.3361101347594"
"43.11662326922699","-2.4206631025472793","-18.68479981714939","79.53435836727877"
"36.872271252921735","-0.24356368416834734","-18.003775899595432","79.21115853290527"
"43.50057236574757","-0.04213032195973476","-18.72596000532812","79.55670533452842"
"36.73993656091513","-0.23786949131605128","-17.989256691650684","79.20576279584115"
"41.216492005933475","0.5112433789365566","-18.47936853616779","79.40938077369107"
"23.57810240180168","-0.10343059318008806","-16.61869847483868","78.80790914505087"
"18.97632321353302","-0.1669515673582362","-16.214935080324604","78.71858921715186"
"32.534405632079746","-0.1116703912699234","-17.531008927867664","79.05153007881194"
"38.8274971965543","-0.3334962408364241","-18.21833369949717","79.29501675669758"
"42.88116737038291","1.1238904058908001","-18.659509311242303","79.52073977899852"
"37.45442257127449","0.6344887528460799","-18.067666529001873","79.23550312417844"
"31.86912127643663","0.5448133657099183","-17.459518395690857","79.02965770979975"
"24.658151314898834","-1.5388420520390393","-16.72124986289292","78.83163658323882"
"21.64625488970676","0.07954228099984925","-16.442288321432695","78.76794944299935"
"6.764727561090277","0.41478158497513284","-15.49952611959838","78.55327314071462"
"12.830224127313661","0.6255208148021336","-15.780254243515037","78.61257109420909"
"39.75326531919865","0.3656112400963538","-18.319739012123193","79.33698239743661"
"35.4879778887317","-0.5875364179952323","-17.852062564240327","79.15667792378116"
"22.316515407948756","-1.5070419801689459","-16.502438937226074","78.78088669378822"
"27.30287491188552","0.05650633641041322","-16.982459510699655","78.8966837854129"
"29.269189526367196","0.06739306473337248","-17.184535067788232","78.95017077221232"
"28.318496484925326","0.30145819411596253","-17.086103392684013","78.92377844810517"
"41.68544860670325","-0.21438555020582384","-18.530307111692803","79.43947189534904"
"39.11604089709924","0.14942120795236097","-18.249964619348077","79.3080381785085"
"18.196636432463645","-1.2640381168125647","-16.152583565211348","78.70506538366357"
"8.016580413960265","0.5836492332254258","-15.544073759907704","78.56264757535315"
"34.1938467370319","0.3426119283542167","-17.710788518586487","79.10873823430198"
"32.78855077388053","0.2895620369695584","-17.558415437477034","79.06002146960874"
"40.55658615838692","-0.08850868212326968","-18.40749453481556","79.3744539680575"
"44.102243736825805","0.6409828516197891","-18.79017145760002","79.59069845913713"
"38.76321011579175","0.34237565211106796","-18.21128546862607","79.29228408567259"
"30.23762013309749","-0.07820236672896133","-17.28604297475483","78.97844465737178"
"42.620357896745006","0.2524539737762702","-18.631426307307155","79.50393410633721"
"24.237453267753008","-1.6130052511874267","-16.68099663795208","78.82205234282281"
"32.88725953331992","0.1872990782224685","-17.56907386027891","79.06334979137308"
"38.07268176645921","0.4073636912116602","-18.13552656702557","79.26204756531662"
"35.65227287288097","0.39995064677481784","-17.870045159097838","79.16311500137132"
"31.592242027879948","0.10824605757071921","-17.429884394216238","79.02074442891806"
"30.368286296379054","0.06840678228241867","-17.29982746448969","78.98242082341062"
"39.581905060818656","0.06700403700495364","-18.300987437102496","79.32914654932752"
"21.753544458312444","0.1118282436949321","-16.451838304003886","78.77008405242647"
"41.80918950890727","0.5081328317667277","-18.543727168202803","79.44797211781892"
"25.962079168034947","0.4752720988895992","-16.848337247092203","78.86260185238142"
"2.797124151431349","0.42571903818511087","-15.407074561249082","78.52956936931965"
"23.339685181838373","-0.3581607186895867","-16.596425704232637","78.802656217018"
"33.54261465714467","-0.08721050240072548","-17.640015806419527","79.0856224590773"
"32.502331073227445","0.06458503732747789","-17.527553618340875","79.0505172818518"
"8.005951712804901","0.4106689397078083","-15.54366715517755","78.56262999329431"
"30.868762386924704","0.030372316975597127","-17.352809839246827","78.99776487459404"
"34.84279938019284","0.6468300376808493","-17.781541729361006","79.13255884288463"
"19.972821384931397","-0.3279470833544882","-16.29737699547244","78.73608011689127"
"40.07290067541619","-0.188270024621364","-18.354686461669495","79.35151286012713"
"17.118239047363907","0.6270256270433806","-16.069588946637687","78.68783084821409"
"10.401076779345166","-0.7097280158972622","-15.648535514045555","78.58449276330599"
"41.497882346959116","0.2662428635155396","-18.509949147372946","79.42705883766338"
"21.49493551954387","0.3783090788828568","-16.428866766287445","78.7649036665578"
"29.824891164770303","0.25920878041130674","-17.24263656742914","78.96623342611656"
"31.647477261097364","0.030074605405362553","-17.4357906459718","79.02250754064889"
"43.42713767161483","-0.04965263933351909","-18.718099860291453","79.55253388302896"
"28.34756212978218","0.23387976703892457","-17.089093642540426","78.92458857637271"
"42.09085944726572","0.40736040373852134","-18.574234765106613","79.46747332490614"
"14.48805271795445","0.31473765377180335","-15.884257515942771","78.6507112070043"
"33.93628872500207","0.5429541996819427","-17.682767639348658","79.0994590110867"
"37.17987994756979","0.40338711610724254","-18.03753333496896","79.22395771059175"
"39.02429424008747","0.14414895555071255","-18.239909462112713","79.30392247765491"
"15.391940323007924","-0.0388043209025577","-15.945153423003596","78.66305466182067"
"30.979379737485708","0.030605306714428016","-17.364558578706607","79.00122148330269"
"23.48800964602094","0.5466772677872681","-16.61026048301107","78.80588063623786"
"41.35292223281749","0.38974590254592645","-18.49420070367142","79.41772005192273"
"35.924107125319765","-1.8172835600573631","-17.899807742320426","79.17293329798065"
"20.16965945120687","-1.3281824390667407","-16.31401818870606","78.73934353755759"
"43.27652443561645","0.845495164557044","-18.701963697968605","79.54402275449984"
"8.275114280783866","-0.13063855373220168","-15.554174958071972","78.56484145229187"
"23.645754921442627","0.2679142714760272","-16.62504112554878","78.80942319744611"
"29.350921295532256","0.35760563025282677","-17.193054396725223","78.95247182613824"
"32.900338945990605","0.1770147332918951","-17.570486699840043","79.06379106308016"
"38.42580342126363","0.4034254122960408","-18.17427539958285","79.27743838937259"
"22.490989596996187","0.03099134706611846","-16.51827373475696","78.7849404179145"
"15.081635566375603","0.3290246109054704","-15.923913578031799","78.65911253886135"
"40.46718100868364","0.3933918915814729","-18.397741687936783","79.37014244200974"
"42.375366616790906","-0.3511669151132099","-18.604990548413113","79.48711216176658"
"24.186672600907052","0.6613758051794917","-16.676152599899524","78.82132995456254"
"31.802691926921597","0.5284560234334787","-17.452401732125264","79.0274933770368"
"26.627485362888464","0.03142369322605007","-16.914489787302536","78.87919516878294"
"7.066119316781958","0.5194871143653861","-15.509593009524176","78.55542722095862"
"31.734711558513553","0.5403418694636023","-17.44512307655961","79.02528411489531"
"44.55","-0.17771436879431812","-18.837728404913364","79.6166537964048"
"20.534275288959385","0.564085259696705","-16.345114733713633","78.74638995318111"
"41.14415190772726","0.6349683170379307","-18.471500205245405","79.40523543329738"
"35.8846336097157","-0.2246232427731577","-17.895489433588843","79.17197385198116"
"6.369382534986527","0.6599622966712178","-15.486949961180095","78.55030606070443"
"28.821016307973238","0.3867331901085648","-17.137972016730735","78.93753879281466"
"33.474921745295376","0.6599370842392253","-17.632673370248085","79.08327747668713"
"10.882283261531686","0.47408354057247926","-15.672622515734963","78.58963319967107"
"30.825924348835226","0.4416759639310373","-17.348262463775335","78.9963934019675"
"26.74764832527689","0.47936816888625333","-16.926521077333287","78.88219149479647"
"15.714944374536499","0.47939986261759504","-15.967622196844648","78.66706266840369"
"35.438819424144945","-0.059131540383232095","-17.846685078384006","79.15498035076995"
"23.884020055006637","0.6588484973728836","-16.647470262288138","78.81456558691043"
"44.55","0.12693360295939277","-18.837728870615283","79.6167285812893"
"33.24789429375761","0.06253679076336917","-17.608075330421286","79.07552452755033"
"39.12105343052973","2.251153377048979","-18.25051109599269","79.30861920652998"
"14.239945006268472","0.6442433823860862","-15.86804722221736","78.64618400536932"
"29.844090533603847","0.6338058395607482","-17.244649400869086","78.96672193024372"
"26.79921435980136","0.49358912834024676","-16.931693117701787","78.88350899407745"
"37.48875855944216","0.6985212301532266","-18.071435293810453","79.23696665380966"
"23.211705468560595","0.33788929921862676","-16.584521696537372","78.79999133667127"
"30.504639945722865","-0.34635889809135023","-17.31423421791777","78.9864366839203"
"44.55","-0.3250324354639734","-18.837728075018045","79.61660927466903"
"25.16940817858611","0.2525733370732066","-16.770663696128832","78.84391406524384"
"38.78611046024732","-1.4238009855505116","-18.213790895474965","79.2928114257577"
"36.24488706502241","0.0669673089991431","-17.934966671712267","79.1860898398932"
"31.515677453134984","0.1612607135417834","-17.421702373120524","79.01829229776189"
"26.32644500599045","0.6955339773573068","-16.88445415988016","78.8715117835579"
"27.378323928042224","0.6468318394829027","-16.990098280383094","78.89857658580686"
"29.336561123834002","-1.3322787544758259","-17.19155885420495","78.95163641130108"
"28.605096341720245","-0.25521047421940857","-17.11564219496067","78.93152462057577"
"35.016352043002016","0.5154979469839541","-17.80049656810025","79.13904166458161"
"43.37775836629119","-0.3795561679312726","-18.712810931224446","79.54962501616521"
"4.644182309116229","-0.11498313264261112","-15.440705220605366","78.5391801349127"
"19.919679937925274","-0.10469577714108509","-16.292903679001952","78.7351870425177"
"25.603712202185484","2.1120317985610844","-16.813050759828773","78.8539323513856"
"30.846393547277824","0.5780037595664858","-17.350433984101443","78.99701262298433"
"39.63193520107002","1.760788438644721","-18.30646162518571","79.33167979702039"
"32.40491314612662","0.7608984521577089","-17.517062648915797","79.04725225738918"
"12.573313817712684","0.43876443022817885","-15.765133359310356","78.60809629329592"
"8.458437740801415","0.595759999706611","-15.56151066398891","78.56626120309747"
"17.80604291352634","0.19386877397250396","-16.122068876838895","78.69902971980225"
"26.94805216940736","0.46526908673619716","-16.946648526588653","78.8873555168556"
"41.152136570998444","-0.7438324183624273","-18.47236599983547","79.4054324447979"
"24.871511154237737","0.165114577909464","-16.74180202846222","78.83707061898772"
"43.570321137738446","-0.8874556112921166","-18.733418433826017","79.56040062622077"
"25.896935070568855","0.26606276335815415","-16.8419081810857","78.86110130905888"
"33.41229630381865","0.22544287772389016","-17.62588516948439","79.08117395783694"
"21.686980686098934","-0.16610809597539708","-16.445911832436398","78.76869106346142"
"15.23887303556996","0.07413321996375168","-15.934633602612568","78.66116392992846"
"27.799388243705277","-0.08223107251735812","-17.032923931171126","78.90981159341585"
"12.175449022632655","0.026094918280033158","-15.74228120333893","78.60288827551327"
"34.82065173984863","0.26568469708749354","-17.77912436339561","79.1317715673773"
"18.69224502953203","-1.1144760530037758","-16.191998190314226","78.71345160617659"
"38.90842194651557","-0.7041393485822398","-18.22720508982389","79.29849582782357"
"24.737063686320077","-0.17705510894808518","-16.72883797968164","78.83389709475702"
"28.957078426789625","0.5430709322012854","-17.152077821849957","78.94129283077159"
"42.44434614888878","-0.31791006809949507","-18.61243846252763","79.4918707954913"
"33.3974558331242","-1.4204037712784738","-17.624274175015515","79.08015613451731"
"40.16689290005775","-0.18136508909945495","-18.364955995702545","79.35586473960736"
"14.66459115393312","-0.08957893707739391","-15.89592423107958","78.65342520383011"
"30.477994951217397","0.47849312133380417","-17.311415538955824","78.98568722931803"
"34.34984104198433","-0.33355823107053384","-17.727777018373335","79.11429463478937"
"21.41593653233678","1.5485377990794662","-16.421872150267475","78.76310104719974"
"19.89039891093009","1.2297445645150866","-16.29042896272744","78.73441716995873"
"39.07243961671685","-1.5848112679452675","-18.24517971134503","79.30551286135938"
"41.69457266883859","0.5993990298767358","-18.531297841627463","79.44017609723879"
"23.866366393443588","-0.09591830405690836","-16.645809450225574","78.81425731180403"
"42.73167684988967","-0.6569577204394106","-18.643418511500066","79.51104177871736"
"28.909264845501067","-0.06783016862378205","-17.147120125061303","78.93999866377553"
"36.44965972724144","-0.8386593242801896","-17.95741601954378","79.19391010763637"
"36.89462643933954","-0.7516308897125863","-18.006227319350504","79.21191106816954"
"38.84987892079567","-0.69851750447617","-18.220786516161567","79.29589384852136"
"21.732541888779007","0.3202410037797831","-16.449964655741155","78.76961970903074"
"31.750245099426515","0.36428864214568446","-17.44678642496536","79.02582349829318"
"18.3676004840815","1.5076239079579166","-16.166063906187777","78.70794022709555"
"10.542986496400893","0.23514460555154454","-15.655530059323628","78.58617077226603"
"43.66888998465278","-1.2080295926695652","-18.743953353175097","79.5658564476833"
"20.480748832966693","-1.683395872669815","-16.34053953008854","78.7449640936826"
"35.46504945407994","-0.8412364568839551","-17.849553055413697","79.15572665584546"
"36.03943374002541","-2.25575946173252","-17.912441129875184","79.17760215601393"
"28.848183895788342","-0.6956283550264476","-17.140789309165967","78.93810088968979"
"31.20514248124379","-0.546494275606799","-17.388578155282694","79.00816117149623"
"41.47372199214755","-0.46696526585899245","-18.507323474842313","79.42531070387973"
"25.392767770844877","-0.8716177527463431","-16.792428541149516","78.84884489093488"
"32.99689329560017","-0.03682538378123362","-17.5809204836305","79.06698581310833"
"22.814113432170736","-0.17944407307583154","-16.547817877948653","78.79157260392375"
"37.84465407073857","-1.4632809921982537","-18.110494052575415","79.25168553040055"
"41.73949615174772","-0.9530460350689657","-18.536166754129386","79.4429083695115"
"43.592351533369104","-0.5704650546530335","-18.735775289362373","79.56174126832738"
"37.50858055213096","-0.930282367320873","-18.073608193382874","79.23750080054546"
"20.77535551603775","-0.3298915742196054","-16.365900567839844","78.75095108531802"
"29.61721586415094","-0.12743555373563398","-17.220877224113252","78.96012015952402"
"40.66946444848431","-0.35823427840427813","-18.419802813774677","79.37996271998932"
"26.844489341478518","-0.5271946988614999","-16.936242665530127","78.88457785258909"
"32.675456358953554","-0.5926648929160881","-17.5462131143523","79.05605306793078"
"6.3594649681413","0.50241357236314","-15.486645377645715","78.5502877783977"
"33.205711552732005","-0.45888018035206246","-17.603508323596547","79.07392824244037"
"39.8950291615236","-0.2901952468114236","-18.335242699644205","79.34333456015067"
"19.530877523517525","0.2610762439572005","-16.26043948377705","78.72828925456416"
"22.895729749494752","-0.39910464758781805","-16.555322413588478","78.79321122905618"
"31.32789234361973","-0.4104740387435246","-17.401660146209053","79.01210881320681"
"14.186086702382138","0.38963076896305526","-15.864559273015974","78.64515608048575"
"29.90846212908128","-0.5824901147823293","-17.25140996501042","78.96849319974643"
"25.453474902262286","0.595128167587289","-16.798352812325668","78.85044879995182"
"31.057951190366154","-0.7335921276143178","-17.37291199781306","79.00345188541291"
"12.429258572082205","-0.00423858652925016","-15.756784632009923","78.60609179747968"
"42.08187019634099","0.17166914404932","-18.573261859571005","79.46687010557031"
"34.29202194325339","-0.8303684855751896","-17.72147763799679","79.11202965828775"
"39.498595396818345","-0.36851115772562526","-18.29186660493483","79.325216405779"
"38.16150625491864","-0.4136354126341297","-18.145273116205487","79.26578027879765"
"43.994223119508334","-0.1855792149503759","-18.778668173047784","79.58448867462712"
"23.046467894055183","-0.3960835053290813","-16.56922362611076","78.79638587786752"
"42.58343005827409","0.22175597345459014","-18.62744495938656","79.50145913941344"
"37.71626926461432","-0.4883340644972463","-18.096406519888586","79.24650454660049"
"31.66408207080629","-0.5611254202717638","-17.437566810052694","79.02286218487409"
"14.473101424230672","-0.2955348497495567","-15.883281188845121","78.65041458002767"
"33.34397389072496","0.16905062715583064","-17.61848150134709","79.07883918451263"
"35.08206635252389","-0.8303684855751896","-17.807675321111102","79.14127194859736"
"32.63309120615101","-0.43194551071479437","-17.54164489945362","79.0546977579906"
"40.03007735078792","0.6575016779400005","-18.35000729691808","79.34962244658047"
"16.366882009759422","-0.6594339825769379","-16.01414263349279","78.67627903254812"
"34.40435051959779","-0.5231212588783134","-17.73371603217536","79.11622178264034"
"30.95837626201624","-1.5958025286458528","-17.362325822183188","79.00001254295482"
"26.215015980199794","-0.24529611050739675","-16.87338681552535","78.86877240855554"
"38.94464023622045","-0.5034703747054502","-18.231176417065704","79.30017334421528"
"23.70581225400425","0.42510597912161413","-16.63068170745172","78.8106826732278"
"26.605577534199465","-0.4746726508784039","-16.912300473213087","78.8784861167114"
"43.44688654278136","-0.5426440555795773","-18.720212844236322","79.55351253237548"
"40.71689563208085","-0.488448312927714","-18.424972830398623","79.38230599342775"
"15.73185521963056","-0.020120629389387662","-15.968814880303556","78.667376855258"
"27.625125831603473","-0.4785179491136784","-17.0151675934017","78.90504720022676"
"7.539272512434194","-0.6061764050336338","-15.52624987536085","78.55890884023142"
"12.013691822949804","-0.8414661164593255","-15.733188232002746","78.60083269367698"
"22.018497016276616","0.398971240688483","-16.475545235023603","78.7752936485239"
"30.85443338997451","-0.551432439889087","-17.35128931556672","78.99713943764905"
"28.905791407602337","-0.08475721508977441","-17.146759959808183","78.93989723394782"
"41.86166768940707","-0.47037190460408584","-18.549413399144242","79.45143014254047"
"24.852598835293254","0.2601340343524581","-16.73997523025977","78.83660282616147"
"22.93186642499821","-0.19164735425901075","-16.558648637927412","78.79403460811281"
"15.19038036176088","-0.2159964406105883","-15.931321709643493","78.66047600180136"
"26.74845096287629","0.09494593109537514","-16.9266037893796","78.88229875534901"
"11.830653814668796","-0.11833468417394999","-15.723017754778816","78.59911374740585"
"27.33968579275328","0.12407435755236773","-16.986186528469432","78.89767062532968"
"18.084161046146512","-0.5355595840988076","-16.143743625526437","78.70342030376436"
"31.863689310388462","-0.3743766450994042","-17.45893764665308","79.02940745134866"
"35.790251834349405","-0.28443478442420134","-17.885152249702138","79.16831879419696"
"44.55","-0.3036750404546297","-18.837728126465105","79.61661572919519"
"35.14738461049286","0.21703760941827804","-17.81481565740606","79.14402546044832"
"34.077551424357665","0.20896001070301912","-17.698131954188295","79.10457604415139"
"26.09994051287636","-0.08642406960062954","-16.861976187001577","78.86599486769417"
"37.61574423067822","-0.29447683193853624","-18.08537309978809","79.24226838728563"
"40.449088818897735","1.0744537243309205","-18.395767044042145","79.36936188055532"
"40.87526261815089","-0.2706187416263617","-18.44222928243666","79.390514001631"
"29.930041669774617","0.2612373497556754","-17.25367504674151","78.96932792637598"
"16.803263557745787","0.3113899718750628","-16.046104700911023","78.68305408575434"
"33.096673483188894","-0.004430153082724653","-17.591709918094576","79.07036572989361"
"27.713535432075513","0.21694047997654875","-17.024168205880738","78.9075750261913"
"20.609907716379706","-0.398937636611155","-16.351624060506467","78.74780439987921"
"37.908049721873766","0.21866462176057685","-18.117457861171474","79.25494319152958"
"39.67679054811113","0.68486912919719","-18.311371808980674","79.3335003874506"
"38.855420966844925","0.3836159156115288","-18.2213966685552","79.29636732050167"
"24.969809171935616","-0.48315872906382273","-16.75130874636831","78.83914142985711"
"34.81093436758271","-0.3423228237122677","-17.778063117499205","79.1312827409465"
"44.52953604481253","-0.3768724052708465","-18.835558781330075","79.61538133818286"
"36.54775190002227","-0.3534837734839067","-17.96817520467252","79.19798163037764"
"19.385766752735805","0.2368574645324435","-16.248440764774447","78.72574875363884"
"34.12675975509997","0.08910550334927739","-17.70348656446877","79.10633467343038"
"16.891907282677547","0.28197289698173744","-16.05268056674185","78.68443493247527"
"31.761043899615185","-0.26631362627410493","-17.44794334248219","79.02610243364158"
"30.479765950236075","0.11190486047238146","-17.311603962452242","78.98581375297866"
"38.186680370057566","-0.17322199154959517","-18.148036364468968","79.26695498787332"
"32.7469031486579","0.020094816831328847","-17.553921025820003","79.05862184433813"
"29.591347426486617","-0.4165241496506418","-17.218170979275715","78.95927765026909"
"40.24423150137569","0.059606290213672086","-18.37340384457779","79.35953808489548"
"27.358693696716013","0.052367211272499214","-16.98811238579117","78.89815209176038"
"37.782950082670745","-0.21289765130925678","-18.103726324966274","79.24945670202598"
"12.855702391749578","0.055873922736660586","-15.781776897611989","78.61326464529112"
"11.580505278456805","0.020832225353177247","-15.709354804606503","78.59669958231233"
"14.807259387378977","-0.4094446144781836","-15.905433337678788","78.65537196214736"
"28.42802335325633","-0.008017563511485193","-17.09737805130575","78.92675141134677"
"35.90659540440995","0.18186952136514473","-17.89789559417751","79.1729275622076"
"33.51795482538245","0.24244678820535592","-17.637340940900582","79.08481881042421"
"32.20309387600505","0.45539990343116876","-17.495358542118996","79.04061638804369"
"21.710971155606636","-0.4088604603838365","-16.448048861765844","78.76909128135922"
"23.952522284976432","-0.41806899521030577","-16.653951447589684","78.81607320809401"
"35.32580772102959","-0.4346099485169655","-17.834322621234232","79.1505888131157"
"26.334051964999112","0.23993486849037426","-16.885214068597612","78.87181424323596"
"30.066782701547915","0.1687903607864385","-17.268050641244567","78.973406036807"
"31.555455251237127","0.7757906551106944","-17.425950406490113","79.01948647190059"
"39.48944716156627","0.06696373336023238","-18.29086615191418","79.32492515438493"
"8.22188097196287","-0.22137990651269956","-15.55207219516982","78.56438152093068"
"38.192232636793435","0.03520370997125316","-18.148646094721382","79.26725232804948"
"25.00580025938691","-0.39592866318485886","-16.754793013966747","78.83999855237556"
"6.222019588671027","0.21703818109474043","-15.482452879904521","78.54942161130425"
"14.029548737048334","-0.4323982139839395","-15.854477424743546","78.64158165324257"
"16.437714063247913","0.06772779834745796","-16.019280275622663","78.67753923123257"
"18.30890438854622","0.05330605114436774","-16.161433209902537","78.70732650497874"
"43.44260977439701","-0.3366641715931567","-18.719755638980985","79.55333253571388"
"32.71890368369071","0.05310641694386477","-17.550899981611785","79.05769778001516"
"21.247720555025793","0.06738061272166058","-16.407076945559073","78.76013343923228"
"36.1992766270639","0.12142178927070102","-17.92996705587982","79.18431284521478"
"41.44960616482572","-0.01673379882096876","-18.504705316234066","79.42387698061525"
"38.52699051873695","0.05302990722109085","-18.185376157300716","79.2818738581235"
"39.28168416073421","-0.945575585411234","-18.26810984888676","79.31517460272903"
"22.747922174064932","-1.0527824673659971","-16.541749346638518","78.7899221930494"
"24.832628441572353","0.02958095306465791","-16.73804919042319","78.83614237852666"
"11.032386592486487","-0.09492540015795631","-15.680349079222353","78.59128234392405"
"40.07953442387005","0.12183667262743822","-18.35541206310832","79.35190040553813"
"19.181489449859267","-0.15596608042956056","-16.2316615994889","78.72213453917229"
"32.45871726295023","-0.12274461981170143","-17.52285673777207","79.04902629404637"
"36.749224849368886","0.23642152995468796","-17.990276330982926","79.20623972279559"
"16.072705575474316","-0.2626824880442219","-15.992964768518576","78.67207473856465"
"27.903412694243137","-0.44937522725280615","-17.043548119429936","78.91247206248858"
"22.462340166732233","-0.2834494537128184","-16.51566908556559","78.78426423057957"
"33.83115390033746","-0.0053664114423583875","-17.67134135326374","79.0957507048343"
"38.82039630866173","-0.10649654490283372","-18.217555698578245","79.29477148302668"
"24.535170820758758","-0.13531990421830203","-16.709438162369963","78.82929374520748"
"29.903361406970365","-0.12269438435516072","-17.250873869962103","78.96849007762934"
"28.471838017384194","-0.2304342526523127","-17.101893427149136","78.9278830210354"
"32.87353330042009","0.07440700797108502","-17.56759141229878","79.06286957904945"
"22.986267495437154","-0.08686266237457077","-16.563663293353468","78.7952081200642"
"13.27476003769433","-0.0769463838206825","-15.807102723679128","78.62296359250549"
"25.155857917108776","-0.0147429509393385","-16.76934849306446","78.84358229888048"
"21.155823649432904","-0.21246931131718153","-16.399019953954475","78.75827683718973"
"40.51329501689593","-0.21769183032653477","-18.402771869022","79.3723028915405"
"23.362292769601936","-0.18220588843561272","-16.598530938189807","78.80319926590325"
"38.338273308178046","0.5373187276927684","-18.164671572527098","79.27360736481968"
"31.043244720477446","-0.25507574249334247","-17.37134806415499","79.00314409388793"
"3.897844568289817","-0.21114169257387405","-15.425122371051929","78.53510667591839"
"32.24241471194894","-0.2651898881612446","-17.499585579294735","79.04186013792331"
"37.5985668107112","-0.007147173705064458","-18.08348827260457","79.24161968234067"
"41.596180228059396","-0.4041920747250267","-18.52061979933171","79.43341201107232"
"20.725192772537174","-0.2910072201032037","-16.36156348624595","78.75001246046126"
"22.668376243426756","-0.8587085744898486","-16.534464695568044","78.78833424511983"
"29.218246575226033","0.08491480478395191","-17.179228727001664","78.94872832398235"
"31.244655587581697","-0.5075662796972549","-17.392787546431833","79.00942755909759"
"43.07297206829851","-0.9651104039194561","-18.680120144929415","79.53179460028903"
"34.773214831247294","-0.46637157237077986","-17.773945550234583","79.12983870241152"
"8.156241280475342","-0.16033016528445956","-15.549495884371218","78.56386378832902"
"12.317904361648974","0.26357962619354014","-15.750385083082937","78.60462013600899"
"30.267524044164723","-0.040693080290199746","-17.28919586280975","78.97935319767457"
"41.81059067623815","0.06986533429971442","-18.543878767065287","79.44807469879937"
"23.432690437147233","0.058362912131008804","-16.605095968396498","78.80478671176633"
"37.57702948302956","-0.4022021799316263","-18.08112330750059","79.24058270619899"
"33.16736127214609","-0.05062686209996359","-17.59935788197176","79.07275138617872"
"40.69022428894451","-0.3206281584720935","-18.422066088927714","79.38101568790881"
"21.73437783775006","-0.13830904363976051","-16.450131945953608","78.76963801494956"
"16.890425444713514","-0.18199418904600112","-16.052575078757314","78.68437323836557"
"0.0","1.449744632251405","-15.387826572382027","78.51945882479815"
"38.15776854998367","-0.13081268944690733","-18.14486370823948","79.26570727787981"
"26.10878655391601","-0.07179786690675959","-16.86285232305551","78.86621501135343"
"43.044215095961334","-0.33680487257282044","-18.6770339648256","79.53028980397472"
"36.90891934918084","-0.3466454401259092","-18.00779690557142","79.21262838455571"
"44.27702998858877","-0.8180504159995398","-18.808757457313778","79.60041800333393"
"27.076034440254997","-0.16158760696790953","-16.959542485229072","78.8906893612604"
"6.447841898999238","-0.016663102241866984","-15.489393644271663","78.55102392226016"
"28.77307091395419","0.07023926759914945","-17.13300868869397","78.93625082419355"
"41.04058514563656","-0.33583047827495677","-18.460229512793425","79.39933619418561"
"32.98847390164324","-0.2651898881612446","-17.580010341670498","79.06663447978903"
"30.66839345020441","-0.3669047851057491","-17.33156383290126","78.99144269735604"
"33.75660185781192","-0.35255705981335084","-17.663242226403927","79.09301399164924"
"11.040324169201567","0.009382641889118665","-15.680759023618656","78.59139102408624"
"32.28671878587966","0.04824905985057537","-17.50434879095978","79.0434078296689"
"35.03979511721452","-0.09536988369036198","-17.80305803704569","79.13991822344046"
"29.802610288649902","-0.38822234166833214","-17.240300681606836","78.96544412836349"
"14.543765879938288","-0.14976940566791758","-15.887930986471673","78.65158145336565"
"27.932599543875977","-0.18708619336842525","-17.04653119350271","78.91333717164704"
"24.395169421247168","-0.17748919286750908","-16.696037070787913","78.82609863485122"
"35.616908407668085","-0.0728623318258495","-17.86617386524878","79.16174611675761"
"26.329544843647092","-0.14668301967208197","-16.88476754229518","78.8716431773194"
"30.747196240376375","-0.29745860778963495","-17.339914272323085","78.99389539878662"
"32.27336148388288","-0.3130230467643926","-17.502912586393393","79.04286217567324"
"19.92027496362996","-0.07586904118298059","-16.292953466237467","78.73520524100041"
"14.08635801844782","-0.2268464275278047","-15.85812743827418","78.64294993282526"
"20.745175476131337","-0.12246472611054865","-16.363289001696977","78.75044053472776"
"33.81866423641696","-0.15037213920334236","-17.669984245558908","79.09526968258012"
"40.697628256411775","-0.1581319046528124","-18.422873664369305","79.38143920166377"
"24.296395471737746","0.059185950031360374","-16.686606513966176","78.82392607209134"
"25.50917886101176","0.4146893815273561","-16.80380350701023","78.85180446376133"
"31.303218886155932","-0.17793668146302838","-17.399029290716534","79.01139891095578"
"16.132541177899547","-0.1962102916842186","-15.997246198602138","78.67296126480078"
"18.38919009707734","1.361739035846528","-16.16777832261309","78.70833562232174"
"22.185250287571638","-0.3466110044485219","-16.490564888663492","78.77860279283401"
"27.139081012091996","-0.18071194607721083","-16.965903310578092","78.89232721245513"
"36.021702410521016","-0.1804990070238899","-17.91050596782176","79.17729757692095"
"18.710305094889573","-0.07011032890808475","-16.193441603384287","78.71406668509991"
"23.293612573339498","-0.3332295996756217","-16.59213712064638","78.80167225628941"
"38.29263884783852","-0.7262661178611287","-18.15966179678339","79.27139473901372"
"34.349624984426846","-0.8170556344354941","-17.72775243199778","79.11413031410223"
"42.45597341008962","-0.15651712737508475","-18.61369394687626","79.49271789284245"
"28.656469260844638","-0.24459276900036908","-17.120949425759786","78.93294116271454"
"40.25271939610864","-0.16194502114074483","-18.374330270581076","79.35987881600175"
"17.23934661128299","-0.009491291097940363","-16.078718450727997","78.68987670535782"
"31.82289897686934","-0.06252498257157005","-17.45456738062896","79.02817504766512"
"29.864191202515283","-0.07801589778352698","-17.24676148197424","78.9673488589009"
"26.833011593970866","-0.17733640003653486","-16.935089026994117","78.88439510577946"
"43.20827071350866","0.3618290223895518","-18.69464477873801","79.54001376671177"
"15.756685739596062","-0.21811867308536997","-15.970561677452036","78.66765469769139"
"41.58723138930879","-0.06302803588229657","-18.519649442647566","79.43291641309692"
"30.71284617101517","0.6364903624035527","-17.336271074630364","78.99287300794123"
"40.85233863148121","0.10557568120994437","-18.43973313630091","79.3894207235669"
"0.0","1.4836263526080011","-15.387826497126365","78.51944924148448"
"26.705724891012412","-0.2228355965629555","-16.922323182876074","78.88111782402835"
"22.244473588840393","0.02503947867759232","-16.49591173191195","78.77990875389558"
"34.09155224285865","-0.15661620796191317","-17.699655242409612","79.10500134720934"
"32.68476652049843","0.08931498221427286","-17.54721752432512","79.05657145819937"
"34.96104112249616","-0.3894598522526401","-17.794454176400304","79.13687231082517"
"44.14644853680753","0.06681863518220305","-18.79487544421098","79.59317589216089"
"31.417683112657766","-0.17795667811110782","-17.411239218914517","79.01505487840609"
"38.38537423468096","-0.8671383175927401","-18.16983654751232","79.27539426365787"
"39.770971215223234","-0.8715527694743461","-18.32167256481257","79.33750320929597"
"24.43371250755829","-0.02054108243276792","-16.699721420269434","78.82701571761116"
"22.108699634720608","-0.054619671991773755","-16.48366177599266","78.7771426543485"
"30.044691108604926","-0.04784155507113408","-17.265727146871114","78.97269205255621"
"37.217862009184664","-0.3642081548085","-18.041700956598742","79.22543147701727"
"33.14907498123499","-0.8891019577472555","-17.59737802320556","79.07186298545042"
"23.912161931086974","-0.04486445781334296","-16.650133942741498","78.81528731483776"
"17.4180982353152","0.6294714673570413","-16.092268428713776","78.69258490428749"
"31.77962600777338","-0.12118133863800212","-17.449932899639883","79.02675139755952"
"36.58843008199995","-0.697308544741452","-17.972635801838614","79.19950121833384"
"29.538552125685726","-0.3132611851271919","-17.212649490743388","78.9577838324919"
"8.73495111895236","0.28873772335022635","-15.572877185378278","78.56874834013125"
"44.99059538360535","0.06171318472492815","-18.8843293404903","79.64296783818554"
"40.30573760713036","0.35178570908750756","-18.3801203770877","79.36243755373145"
"42.07376641400843","-0.4842104408294821","-18.572383207081053","79.46612291172892"
"41.732927179302386","-0.8730938548162733","-18.535454692747916","79.4424874730903"
"43.10641634688015","0.02738515954903381","-18.683714310361566","79.53405649371392"
"23.769467230653046","-0.4771764581781649","-16.636676559729857","78.81199717995788"
"37.320947683200735","0.10265426384749105","-18.053016233740053","79.22989121996375"
"28.40700201849384","-0.31074285032656723","-17.095213741959682","78.92608913100132"
"38.96531325705658","-0.48200813224659034","-18.233442729868194","79.30110271578779"
"36.42696839617264","-0.08363437303168453","-17.954929770911757","79.19324756028641"
"33.35742540550886","0.10990075710856595","-17.61993896324964","79.07928595505983"
"25.594559927781745","-0.22720636716296122","-16.812171711887345","78.85380273519965"
"15.308594565351555","-0.06214852395164932","-15.93941569661543","78.66200564708153"
"30.332248404590786","0.07429965328524596","-17.296023572697646","78.98133388279587"
"25.18497635087079","-0.5512678665921901","-16.772181038480838","78.84409561167082"
"27.077223347981803","0.02041039220275842","-16.959661684289067","78.8907692106075"
"31.704764220365416","-1.3867623311480062","-17.4419180570139","79.02389246530724"
"42.566559615373805","-0.10391453200257827","-18.62562515886329","79.50025841490495"
"22.763189291730356","0.6190288366361747","-16.54313818873367","78.79044965110381"
"40.28796487860575","-0.7582445906880901","-18.37817692751249","79.36134771218397"
"43.47345970400642","-0.24539012643987446","-18.723058093672634","79.5551127972318"
"38.07124618312987","-0.10339975167852561","-18.13536849766241","79.26195102747917"
